{
  "type": "FeatureCollection",
  "features": [
    {
      "type": "Feature",
      "geometry": {
        "type": "Polygon",
        "coordinates": [
          [
            [
              -79.3953371,
              44.0007128
            ],
            [
              -79.3955877,
              44.0023461
            ],
            [
              -79.3955057,
              44.0023633
            ],
            [
              -79.3942862,
              44.0026191
            ],
            [
              -79.3939607,
              44.0027236
            ],
            [
              -79.3935584,
              44.0028899
            ],
            [
              -79.3929,
              44.0029571
            ],
            [
              -79.392609,
              44.0030085
            ],
            [
              -79.3922222,
              44.0016108
            ],
            [
              -79.392935,
              44.0015128
            ],
            [
              -79.3929678,
              44.0010559
            ],
            [
              -79.3953371,
              44.0007128
            ]
          ]
        ]
      },
      "properties": {
        "id": 56000430,
        "leisure": "park",
        "name": "Whitchurch-Stouffville Community Park, Vandorf"
      }
    },
    {
      "type": "Feature",
      "geometry": {
        "type": "Polygon",
        "coordinates": [
          [
            [
              -79.287255,
              44.0401623
            ],
            [
              -79.287815,
              44.0420529
            ],
            [
              -79.2857445,
              44.0425026
            ],
            [
              -79.285066,
              44.0406267
            ],
            [
              -79.287255,
              44.0401623
            ]
          ]
        ]
      },
      "properties": {
        "id": 56000449,
        "attribution": "Natural Resources Canada",
        "canvec:CODE": "2270012",
        "canvec:UUID": "11CF45847666E5F4E0409C8467120387",
        "leisure": "park",
        "name": "Ballantrae Community Centre and Sports Fields",
        "source": "CanVec_Import_2009",
        "sport": "multi"
      }
    },
    {
      "type": "Feature",
      "geometry": {
        "type": "Polygon",
        "coordinates": [
          [
            [
              -79.2680606,
              44.0315811
            ],
            [
              -79.2661418,
              44.0307968
            ],
            [
              -79.2651727,
              44.0303724
            ],
            [
              -79.2647466,
              44.0312449
            ],
            [
              -79.2657217,
              44.0312147
            ],
            [
              -79.2659309,
              44.0321442
            ],
            [
              -79.2660758,
              44.0320979
            ],
            [
              -79.2661616,
              44.032175
            ],
            [
              -79.2664942,
              44.0320092
            ],
            [
              -79.2666015,
              44.0319243
            ],
            [
              -79.2668858,
              44.0318703
            ],
            [
              -79.2668429,
              44.0317662
            ],
            [
              -79.2670467,
              44.0317199
            ],
            [
              -79.2671648,
              44.0318356
            ],
            [
              -79.2675939,
              44.0317469
            ],
            [
              -79.2677227,
              44.0316158
            ],
            [
              -79.2679694,
              44.0317084
            ],
            [
              -79.2680606,
              44.0315811
            ]
          ]
        ]
      },
      "properties": {
        "id": 484301380,
        "leisure": "park",
        "name": "Coultice Park",
        "operator": "Whitchurch-Stouffville"
      }
    },
    {
      "type": "Feature",
      "geometry": {
        "type": "Polygon",
        "coordinates": [
          [
            [
              -79.2031952,
              44.0334636
            ],
            [
              -79.2037869,
              44.0347889
            ],
            [
              -79.2020331,
              44.035122
            ],
            [
              -79.2016849,
              44.0342499
            ],
            [
              -79.2031952,
              44.0334636
            ]
          ]
        ]
      },
      "properties": {
        "id": 56000416,
        "attribution": "Natural Resources Canada",
        "canvec:CODE": "2270012",
        "canvec:UUID": "11CF45847672E5F4E0409C8467120387",
        "leisure": "park",
        "name": "Taylor Walter Park",
        "source": "CanVec_Import_2009",
        "sport": "multi"
      }
    },
    {
      "type": "Feature",
      "geometry": {
        "type": "Polygon",
        "coordinates": [
          [
            [
              -79.0913815,
              44.0513968
            ],
            [
              -79.090742,
              44.0514743
            ],
            [
              -79.0900334,
              44.051655
            ],
            [
              -79.0897459,
              44.051865
            ],
            [
              -79.089568,
              44.051996
            ],
            [
              -79.0895755,
              44.0525447
            ],
            [
              -79.089951,
              44.0528035
            ],
            [
              -79.0909771,
              44.0525505
            ],
            [
              -79.09131,
              44.0523725
            ],
            [
              -79.0918277,
              44.0520291
            ],
            [
              -79.0918574,
              44.051802
            ],
            [
              -79.0913815,
              44.0513968
            ]
          ]
        ]
      },
      "properties": {
        "id": 56118784,
        "access": "private",
        "barrier": "fence",
        "landuse": "recreation_ground",
        "name": "Durham Forest Environmental Education Centre",
        "source": "CanVec_Import_2009",
        "website": "http://www.ddsb.ca/Programs/OutdoorEducation/Pages/Durham-Forest.aspx"
      }
    },
    {
      "type": "Feature",
      "geometry": {
        "type": "Polygon",
        "coordinates": [
          [
            [
              -79.080943,
              44.0491821
            ],
            [
              -79.0806452,
              44.0491686
            ],
            [
              -79.0807609,
              44.0489648
            ],
            [
              -79.0810985,
              44.0490028
            ],
            [
              -79.080943,
              44.0491821
            ]
          ]
        ]
      },
      "properties": {
        "id": 518478032,
        "landuse": "recreation_ground",
        "name": "Coyote Junction"
      }
    },
    {
      "type": "Feature",
      "geometry": {
        "type": "Polygon",
        "coordinates": [
          [
            [
              -79,
              44.004492
            ],
            [
              -78.999142,
              44.0046122
            ],
            [
              -78.9991186,
              44.0045228
            ],
            [
              -78.9989109,
              44.0039474
            ],
            [
              -78.9985749,
              44.0038708
            ],
            [
              -78.9987882,
              44.0038376
            ],
            [
              -78.9989434,
              44.0036847
            ],
            [
              -78.9989899,
              44.0034479
            ],
            [
              -78.9992481,
              44.0032724
            ],
            [
              -78.9995014,
              44.0031286
            ],
            [
              -78.9997421,
              44.0033511
            ],
            [
              -79,
              44.003559
            ],
            [
              -79.0004634,
              44.0037303
            ],
            [
              -79.0004217,
              44.0044133
            ],
            [
              -79,
              44.004492
            ]
          ]
        ]
      },
      "properties": {
        "id": 77964566,
        "attribution": "Natural Resources Canada",
        "canvec:CODE": "2270012",
        "leisure": "park",
        "name": "Ashburn Park",
        "source": "CanVec_Import_2009;CanVec 6.0 - NRCan",
        "source:name": "local_knowledge",
        "sport": "multi"
      }
    },
    {
      "type": "Feature",
      "geometry": {
        "type": "Polygon",
        "coordinates": [
          [
            [
              -78.9996359,
              44.0011983
            ],
            [
              -78.999078,
              44.0013352
            ],
            [
              -78.9992631,
              44.0016941
            ],
            [
              -78.9997995,
              44.001561
            ],
            [
              -78.9996359,
              44.0011983
            ]
          ]
        ]
      },
      "properties": {
        "id": 783757139,
        "leisure": "park",
        "name": "Ashburn Centennial Community Centre",
        "source": "bing;survey",
        "source:name": "survey"
      }
    },
    {
      "type": "Feature",
      "geometry": {
        "type": "Polygon",
        "coordinates": [
          [
            [
              -78.967776,
              44.008378
            ],
            [
              -78.9674396,
              44.0076515
            ],
            [
              -78.9670262,
              44.0077505
            ],
            [
              -78.9673626,
              44.0084771
            ],
            [
              -78.967776,
              44.008378
            ]
          ]
        ]
      },
      "properties": {
        "id": 662740445,
        "leisure": "park",
        "name": "Myrtle Community Park",
        "source:name": "local_knowledge"
      }
    },
    {
      "type": "Feature",
      "geometry": {
        "type": "Polygon",
        "coordinates": [
          [
            [
              -78.9684671,
              44.0186891
            ],
            [
              -78.9687566,
              44.0186389
            ],
            [
              -78.9690089,
              44.0185951
            ],
            [
              -78.969141,
              44.0182295
            ],
            [
              -78.9680548,
              44.0184665
            ],
            [
              -78.9682549,
              44.0185941
            ],
            [
              -78.9683497,
              44.0186498
            ],
            [
              -78.9684204,
              44.0186747
            ],
            [
              -78.9684671,
              44.0186891
            ]
          ]
        ]
      },
      "properties": {
        "id": 324268020,
        "barrier": "fence",
        "leisure": "park",
        "name": "Myrtle Station Park"
      }
    },
    {
      "type": "Feature",
      "geometry": {
        "type": "Polygon",
        "coordinates": [
          [
            [
              -78.9288005,
              44.0179995
            ],
            [
              -78.927908,
              44.0182178
            ],
            [
              -78.9278247,
              44.018705
            ],
            [
              -78.9278491,
              44.0188306
            ],
            [
              -78.9282901,
              44.0198145
            ],
            [
              -78.9287632,
              44.0196772
            ],
            [
              -78.9292128,
              44.0196188
            ],
            [
              -78.9293415,
              44.0195831
            ],
            [
              -78.9294507,
              44.0195253
            ],
            [
              -78.9288005,
              44.0179995
            ]
          ]
        ]
      },
      "properties": {
        "id": 77964514,
        "addr:city": "Oshawa",
        "addr:housenumber": "79",
        "addr:province": "Ontario",
        "addr:street": "Hurd Street",
        "leisure": "park",
        "name": "Raglan Park",
        "opening_hours": "Mo-Su 06:00-22:00",
        "operator": "City of Oshawa",
        "operator:type": "government",
        "operator:wikidata": "Q211867",
        "source": "CanVec 6.0 - NRCan",
        "source:name": "survey"
      }
    },
    {
      "type": "Feature",
      "geometry": {
        "type": "Polygon",
        "coordinates": [
          [
            [
              -78.9177664,
              44.034047
            ],
            [
              -78.9175354,
              44.0340585
            ],
            [
              -78.9156019,
              44.0343892
            ],
            [
              -78.914299,
              44.0344373
            ],
            [
              -78.9121827,
              44.0344337
            ],
            [
              -78.9125253,
              44.0353069
            ],
            [
              -78.9136852,
              44.0377692
            ],
            [
              -78.9146851,
              44.0378283
            ],
            [
              -78.9154879,
              44.0377689
            ],
            [
              -78.9166737,
              44.0381536
            ],
            [
              -78.9169196,
              44.0381358
            ],
            [
              -78.9176474,
              44.0378986
            ],
            [
              -78.9183254,
              44.0377771
            ],
            [
              -78.9177566,
              44.0370668
            ],
            [
              -78.9183362,
              44.0369547
            ],
            [
              -78.918723,
              44.0376927
            ],
            [
              -78.9208682,
              44.0372746
            ],
            [
              -78.9208398,
              44.0364011
            ],
            [
              -78.9185529,
              44.0357576
            ],
            [
              -78.9177664,
              44.034047
            ]
          ]
        ]
      },
      "properties": {
        "id": 77964989,
        "boundary": "protected_area",
        "name": "Purple Woods",
        "natural": "wood",
        "operator": "Central Lake Ontario Conservation Authority",
        "source": "CanVec 6.0 - NRCan"
      }
    },
    {
      "type": "Feature",
      "geometry": {
        "type": "Polygon",
        "coordinates": [
          [
            [
              -79.3281022,
              44.1273343
            ],
            [
              -79.3276688,
              44.1255644
            ],
            [
              -79.3271981,
              44.1238426
            ],
            [
              -79.3245605,
              44.124497
            ],
            [
              -79.323634,
              44.1245238
            ],
            [
              -79.3225281,
              44.1265351
            ],
            [
              -79.3236638,
              44.1268838
            ],
            [
              -79.3242541,
              44.126562
            ],
            [
              -79.3248818,
              44.128053
            ],
            [
              -79.3281022,
              44.1273343
            ]
          ]
        ]
      },
      "properties": {
        "id": 1220117060,
        "addr:city": "East Gwillimbury",
        "addr:housenumber": "5057",
        "addr:province": "Ontario",
        "addr:street": "Mount Albert Road",
        "leisure": "park",
        "name": "Mount Albert Lions Park and Community Centre",
        "operator": "Town of East Gwillimbury",
        "operator:type": "government"
      }
    },
    {
      "type": "Feature",
      "geometry": {
        "type": "Polygon",
        "coordinates": [
          [
            [
              -79.3146019,
              44.1309839
            ],
            [
              -79.3144588,
              44.1306828
            ],
            [
              -79.3142604,
              44.1306384
            ],
            [
              -79.3133562,
              44.1312757
            ],
            [
              -79.313649,
              44.1312361
            ],
            [
              -79.3146019,
              44.1309839
            ]
          ]
        ]
      },
      "properties": {
        "id": 1220117065,
        "leisure": "park",
        "name": "Millenium Park"
      }
    },
    {
      "type": "Feature",
      "geometry": {
        "type": "Polygon",
        "coordinates": [
          [
            [
              -79.3041283,
              44.1326451
            ],
            [
              -79.3032144,
              44.1327338
            ],
            [
              -79.3031981,
              44.1329369
            ],
            [
              -79.3028014,
              44.133273
            ],
            [
              -79.3027688,
              44.1334621
            ],
            [
              -79.3041836,
              44.133266
            ],
            [
              -79.3043527,
              44.1332334
            ],
            [
              -79.3041283,
              44.1326451
            ]
          ]
        ]
      },
      "properties": {
        "id": 1220117079,
        "leisure": "park",
        "name": "Cupples Farm Park",
        "operator": "Town of East Gwillimbury",
        "operator:type": "government"
      }
    },
    {
      "type": "Feature",
      "geometry": {
        "type": "Polygon",
        "coordinates": [
          [
            [
              -79.3125134,
              44.1410105
            ],
            [
              -79.3107669,
              44.1412136
            ],
            [
              -79.3107148,
              44.1409638
            ],
            [
              -79.3097063,
              44.1410494
            ],
            [
              -79.309602,
              44.140272
            ],
            [
              -79.3107452,
              44.1399905
            ],
            [
              -79.3113729,
              44.1397411
            ],
            [
              -79.311556,
              44.1396741
            ],
            [
              -79.3118735,
              44.1402237
            ],
            [
              -79.312008,
              44.1407867
            ],
            [
              -79.3123442,
              44.1407841
            ],
            [
              -79.3125134,
              44.1410105
            ]
          ]
        ]
      },
      "properties": {
        "id": 1220321054,
        "addr:city": "Mount Albert",
        "addr:housenumber": "19300",
        "addr:province": "Ontario",
        "addr:street": "Centre Street",
        "leisure": "park",
        "name": "Ross Family Complex and Library",
        "operator": "Town of East Gwillimbury",
        "operator:type": "public"
      }
    },
    {
      "type": "Feature",
      "geometry": {
        "type": "Polygon",
        "coordinates": [
          [
            [
              -79.3878497,
              44.320544
            ],
            [
              -79.387324,
              44.3205286
            ],
            [
              -79.3867285,
              44.3204135
            ],
            [
              -79.3863691,
              44.3201755
            ],
            [
              -79.386015,
              44.3200527
            ],
            [
              -79.385779,
              44.3200143
            ],
            [
              -79.3856503,
              44.3200143
            ],
            [
              -79.3856985,
              44.3201218
            ],
            [
              -79.3835903,
              44.3202868
            ],
            [
              -79.3831719,
              44.3189704
            ],
            [
              -79.3852104,
              44.3185597
            ],
            [
              -79.3871631,
              44.3181337
            ],
            [
              -79.3878497,
              44.320544
            ]
          ]
        ]
      },
      "properties": {
        "id": 281184754,
        "leisure": "park",
        "name": "De La Salle Park"
      }
    },
    {
      "type": "Feature",
      "geometry": {
        "type": "Polygon",
        "coordinates": [
          [
            [
              -79.3757527,
              44.3041293
            ],
            [
              -79.3755802,
              44.3035264
            ],
            [
              -79.3750741,
              44.3036006
            ],
            [
              -79.3751165,
              44.303749
            ],
            [
              -79.3748185,
              44.3037927
            ],
            [
              -79.3749395,
              44.3042336
            ],
            [
              -79.3749983,
              44.304281
            ],
            [
              -79.375083,
              44.3042784
            ],
            [
              -79.3757527,
              44.3041293
            ]
          ]
        ]
      },
      "properties": {
        "id": 281057311,
        "leisure": "park",
        "name": "Wyndham Park"
      }
    },
    {
      "type": "Feature",
      "geometry": {
        "type": "Polygon",
        "coordinates": [
          [
            [
              -79.3535601,
              44.3079753
            ],
            [
              -79.3535933,
              44.3079634
            ],
            [
              -79.354441,
              44.3072334
            ],
            [
              -79.3559467,
              44.3059368
            ],
            [
              -79.3545065,
              44.3048526
            ],
            [
              -79.3539744,
              44.3046077
            ],
            [
              -79.3544304,
              44.3041842
            ],
            [
              -79.3522686,
              44.3027752
            ],
            [
              -79.3516425,
              44.303193
            ],
            [
              -79.3503272,
              44.3042425
            ],
            [
              -79.3505204,
              44.3044958
            ],
            [
              -79.3499695,
              44.304928
            ],
            [
              -79.3501629,
              44.3049901
            ],
            [
              -79.3503106,
              44.3056698
            ],
            [
              -79.3515032,
              44.3084452
            ],
            [
              -79.3535601,
              44.3079753
            ]
          ]
        ]
      },
      "properties": {
        "id": 550541294,
        "landuse": "recreation_ground",
        "name": "Sutton Fair Grounds"
      }
    },
    {
      "type": "Feature",
      "geometry": {
        "type": "Polygon",
        "coordinates": [
          [
            [
              -79.3587647,
              44.3001745
            ],
            [
              -79.3578685,
              44.3003803
            ],
            [
              -79.3580558,
              44.3006149
            ],
            [
              -79.3581093,
              44.3007441
            ],
            [
              -79.3581093,
              44.3009116
            ],
            [
              -79.3587045,
              44.3010744
            ],
            [
              -79.3588316,
              44.3002989
            ],
            [
              -79.3587647,
              44.3001745
            ]
          ]
        ]
      },
      "properties": {
        "id": 389793130,
        "leisure": "park",
        "name": "Kin Park"
      }
    },
    {
      "type": "Feature",
      "geometry": {
        "type": "Polygon",
        "coordinates": [
          [
            [
              -79.3706601,
              44.3224925
            ],
            [
              -79.3703274,
              44.3218841
            ],
            [
              -79.3696082,
              44.322046
            ],
            [
              -79.3698689,
              44.3226536
            ],
            [
              -79.3706601,
              44.3224925
            ]
          ]
        ]
      },
      "properties": {
        "id": 733717858,
        "leisure": "park",
        "name": "Jackson's Point Parkette"
      }
    },
    {
      "type": "Feature",
      "geometry": {
        "type": "Polygon",
        "coordinates": [
          [
            [
              -79.3688075,
              44.3270556
            ],
            [
              -79.3684857,
              44.3271067
            ],
            [
              -79.3681493,
              44.3269098
            ],
            [
              -79.3690677,
              44.3260572
            ],
            [
              -79.3692121,
              44.3259166
            ],
            [
              -79.3692389,
              44.3255654
            ],
            [
              -79.3694052,
              44.3256556
            ],
            [
              -79.3695097,
              44.3259024
            ],
            [
              -79.3688075,
              44.3270556
            ]
          ]
        ]
      },
      "properties": {
        "id": 281166332,
        "leisure": "park",
        "name": "Bonnie Park",
        "wheelchair": "yes"
      }
    },
    {
      "type": "Feature",
      "geometry": {
        "type": "Polygon",
        "coordinates": [
          [
            [
              -79.1440013,
              44.1052403
            ],
            [
              -79.1437532,
              44.1043888
            ],
            [
              -79.1446788,
              44.1042244
            ],
            [
              -79.144756,
              44.1042374
            ],
            [
              -79.1451972,
              44.1047974
            ],
            [
              -79.1458127,
              44.1060372
            ],
            [
              -79.1462997,
              44.1071825
            ],
            [
              -79.146826,
              44.1086243
            ],
            [
              -79.1456363,
              44.1088814
            ],
            [
              -79.1443709,
              44.1089199
            ],
            [
              -79.143416,
              44.1090894
            ],
            [
              -79.1435877,
              44.1094129
            ],
            [
              -79.1430941,
              44.1096363
            ],
            [
              -79.1427401,
              44.1093355
            ],
            [
              -79.1426435,
              44.1088583
            ],
            [
              -79.1427615,
              44.1086811
            ],
            [
              -79.142783,
              44.1084269
            ],
            [
              -79.1427079,
              44.1080109
            ],
            [
              -79.142547,
              44.1073869
            ],
            [
              -79.1424504,
              44.1069632
            ],
            [
              -79.1425577,
              44.1067244
            ],
            [
              -79.1427079,
              44.106447
            ],
            [
              -79.1429976,
              44.1065087
            ],
            [
              -79.1431049,
              44.1063854
            ],
            [
              -79.1432551,
              44.1063238
            ],
            [
              -79.1435126,
              44.1061851
            ],
            [
              -79.1435877,
              44.1061235
            ],
            [
              -79.1432658,
              44.1058384
            ],
            [
              -79.1423109,
              44.1056767
            ],
            [
              -79.1416672,
              44.105823
            ],
            [
              -79.1416028,
              44.1056458
            ],
            [
              -79.1415492,
              44.1054301
            ],
            [
              -79.1423031,
              44.1053442
            ],
            [
              -79.1435135,
              44.105314
            ],
            [
              -79.1440013,
              44.1052403
            ]
          ]
        ]
      },
      "properties": {
        "id": 168523538,
        "leisure": "park",
        "name": "Quaker Hill"
      }
    },
    {
      "type": "Feature",
      "geometry": {
        "type": "Polygon",
        "coordinates": [
          [
            [
              -79.1389863,
              44.1121647
            ],
            [
              -79.1373652,
              44.1125371
            ],
            [
              -79.1365583,
              44.1107111
            ],
            [
              -79.1375526,
              44.1105455
            ],
            [
              -79.1366736,
              44.1084142
            ],
            [
              -79.1364142,
              44.1075606
            ],
            [
              -79.1351101,
              44.1078503
            ],
            [
              -79.1346058,
              44.1066604
            ],
            [
              -79.1341735,
              44.1067846
            ],
            [
              -79.1340314,
              44.1064387
            ],
            [
              -79.1340078,
              44.1063811
            ],
            [
              -79.1365343,
              44.1058415
            ],
            [
              -79.1366514,
              44.1065704
            ],
            [
              -79.1374381,
              44.1065357
            ],
            [
              -79.1376102,
              44.107452
            ],
            [
              -79.1390944,
              44.1074054
            ],
            [
              -79.1390944,
              44.1075554
            ],
            [
              -79.1385756,
              44.1075554
            ],
            [
              -79.1385468,
              44.1082745
            ],
            [
              -79.1390584,
              44.1094592
            ],
            [
              -79.1395771,
              44.1093505
            ],
            [
              -79.1396059,
              44.1095109
            ],
            [
              -79.1395771,
              44.1096661
            ],
            [
              -79.1391664,
              44.1096092
            ],
            [
              -79.1387197,
              44.1114612
            ],
            [
              -79.1387269,
              44.111575
            ],
            [
              -79.1389863,
              44.1121647
            ]
          ]
        ]
      },
      "properties": {
        "id": 166901253,
        "leisure": "park",
        "name": "Quaker Common",
        "source": "Bing"
      }
    },
    {
      "type": "Feature",
      "geometry": {
        "type": "Polygon",
        "coordinates": [
          [
            [
              -79.1313667,
              44.108682
            ],
            [
              -79.1315959,
              44.1091584
            ],
            [
              -79.1319415,
              44.1090737
            ],
            [
              -79.1317058,
              44.1086011
            ],
            [
              -79.1313667,
              44.108682
            ]
          ]
        ]
      },
      "properties": {
        "id": 313718424,
        "leisure": "park",
        "name": "King Street Parkette"
      }
    },
    {
      "type": "Feature",
      "geometry": {
        "type": "Polygon",
        "coordinates": [
          [
            [
              -79.1390782,
              44.1049214
            ],
            [
              -79.1384023,
              44.1034307
            ],
            [
              -79.138016,
              44.1035077
            ],
            [
              -79.1375605,
              44.1037459
            ],
            [
              -79.1382191,
              44.1042908
            ],
            [
              -79.138424,
              44.1044429
            ],
            [
              -79.1386254,
              44.1046731
            ],
            [
              -79.13879,
              44.1049841
            ],
            [
              -79.1390782,
              44.1049214
            ]
          ]
        ]
      },
      "properties": {
        "id": 313718835,
        "leisure": "park",
        "name": "Hodgson Parkette"
      }
    },
    {
      "type": "Feature",
      "geometry": {
        "type": "Polygon",
        "coordinates": [
          [
            [
              -79.1216485,
              44.1082636
            ],
            [
              -79.1215746,
              44.1080379
            ],
            [
              -79.121402,
              44.10733
            ],
            [
              -79.1214454,
              44.1071546
            ],
            [
              -79.1216005,
              44.1066375
            ],
            [
              -79.1217993,
              44.1061468
            ],
            [
              -79.1218274,
              44.1059248
            ],
            [
              -79.1221323,
              44.1057939
            ],
            [
              -79.1222894,
              44.1062504
            ],
            [
              -79.1223148,
              44.106574
            ],
            [
              -79.1222556,
              44.1069388
            ],
            [
              -79.1222381,
              44.1075123
            ],
            [
              -79.1222245,
              44.1082311
            ],
            [
              -79.1222118,
              44.108258
            ],
            [
              -79.122156,
              44.1082918
            ],
            [
              -79.1217238,
              44.1084059
            ],
            [
              -79.1216485,
              44.1082636
            ]
          ]
        ]
      },
      "properties": {
        "id": 313718335,
        "leisure": "park",
        "name": "Centennial Park"
      }
    },
    {
      "type": "Feature",
      "geometry": {
        "type": "Polygon",
        "coordinates": [
          [
            [
              -79.1217892,
              44.1024398
            ],
            [
              -79.1206713,
              44.1026796
            ],
            [
              -79.1205742,
              44.1024026
            ],
            [
              -79.1195991,
              44.1026387
            ],
            [
              -79.11881,
              44.1028297
            ],
            [
              -79.1186439,
              44.102695
            ],
            [
              -79.1183926,
              44.1025852
            ],
            [
              -79.1181774,
              44.1024094
            ],
            [
              -79.1179047,
              44.1023956
            ],
            [
              -79.1177833,
              44.1023824
            ],
            [
              -79.1175697,
              44.1024158
            ],
            [
              -79.1173051,
              44.1025217
            ],
            [
              -79.116499,
              44.1007012
            ],
            [
              -79.1184919,
              44.1002304
            ],
            [
              -79.1182672,
              44.0998204
            ],
            [
              -79.1182672,
              44.0996997
            ],
            [
              -79.1184353,
              44.0995655
            ],
            [
              -79.1186035,
              44.0995186
            ],
            [
              -79.1183326,
              44.0987472
            ],
            [
              -79.1183532,
              44.0985901
            ],
            [
              -79.1184882,
              44.0975579
            ],
            [
              -79.1187793,
              44.097589
            ],
            [
              -79.1191499,
              44.0976283
            ],
            [
              -79.1195572,
              44.0976377
            ],
            [
              -79.1198393,
              44.0976309
            ],
            [
              -79.1200156,
              44.0976154
            ],
            [
              -79.1201547,
              44.0975994
            ],
            [
              -79.1201335,
              44.0978017
            ],
            [
              -79.1202006,
              44.0981637
            ],
            [
              -79.1204061,
              44.0987271
            ],
            [
              -79.1202566,
              44.0994515
            ],
            [
              -79.1202753,
              44.099646
            ],
            [
              -79.1205026,
              44.1000338
            ],
            [
              -79.1211607,
              44.1015647
            ],
            [
              -79.1217538,
              44.1013886
            ],
            [
              -79.1217772,
              44.1019413
            ],
            [
              -79.1217674,
              44.1021175
            ],
            [
              -79.1217614,
              44.1023065
            ],
            [
              -79.1217892,
              44.1024398
            ]
          ]
        ]
      },
      "properties": {
        "id": 313719565,
        "leisure": "park",
        "name": "Elgin Park"
      }
    },
    {
      "type": "Feature",
      "geometry": {
        "type": "Polygon",
        "coordinates": [
          [
            [
              -79.1188876,
              44.1053284
            ],
            [
              -79.1188541,
              44.1053592
            ],
            [
              -79.1188206,
              44.1053688
            ],
            [
              -79.1187307,
              44.1053688
            ],
            [
              -79.1186878,
              44.1053525
            ],
            [
              -79.1186596,
              44.1053139
            ],
            [
              -79.1178637,
              44.1034869
            ],
            [
              -79.1177879,
              44.1033128
            ],
            [
              -79.1178356,
              44.1032848
            ],
            [
              -79.1181184,
              44.1037164
            ],
            [
              -79.1182793,
              44.1040459
            ],
            [
              -79.1184732,
              44.1043178
            ],
            [
              -79.1186736,
              44.1045001
            ],
            [
              -79.1186838,
              44.1047564
            ],
            [
              -79.1188363,
              44.1050026
            ],
            [
              -79.1188486,
              44.1052403
            ],
            [
              -79.1188876,
              44.1053284
            ]
          ]
        ]
      },
      "properties": {
        "id": 339743263,
        "leisure": "park",
        "name": "Veterans Memorial Park"
      }
    },
    {
      "type": "Feature",
      "geometry": {
        "type": "Polygon",
        "coordinates": [
          [
            [
              -79.1163898,
              44.1077836
            ],
            [
              -79.1178837,
              44.1074311
            ],
            [
              -79.1172883,
              44.1061677
            ],
            [
              -79.1172481,
              44.1061485
            ],
            [
              -79.1171864,
              44.1061619
            ],
            [
              -79.1172078,
              44.1062062
            ],
            [
              -79.1158399,
              44.1065298
            ],
            [
              -79.1163898,
              44.1077836
            ]
          ]
        ]
      },
      "properties": {
        "id": 799208781,
        "leisure": "park",
        "name": "Uxbridge & Area Swimming Pool"
      }
    },
    {
      "type": "Feature",
      "geometry": {
        "type": "Polygon",
        "coordinates": [
          [
            [
              -79.0986765,
              44.0912415
            ],
            [
              -79.1110355,
              44.088374
            ],
            [
              -79.1127453,
              44.091906
            ],
            [
              -79.1077046,
              44.0930169
            ],
            [
              -79.1047036,
              44.0937309
            ],
            [
              -79.1019186,
              44.0943412
            ],
            [
              -79.1004262,
              44.0947252
            ],
            [
              -79.0986765,
              44.0912415
            ]
          ]
        ]
      },
      "properties": {
        "id": 313827113,
        "landuse": "forest",
        "leisure": "park",
        "name": "Brookdale Tract",
        "name_1": "Durham Regional Forest"
      }
    },
    {
      "type": "Feature",
      "geometry": {
        "type": "Polygon",
        "coordinates": [
          [
            [
              -79.1047598,
              44.1042283
            ],
            [
              -79.1015571,
              44.1039941
            ],
            [
              -79.1019415,
              44.1047044
            ],
            [
              -79.1026609,
              44.1047492
            ],
            [
              -79.1030555,
              44.1056561
            ],
            [
              -79.1025265,
              44.1057853
            ],
            [
              -79.1027725,
              44.1062305
            ],
            [
              -79.1031631,
              44.1071931
            ],
            [
              -79.1030611,
              44.1073743
            ],
            [
              -79.1021398,
              44.1072685
            ],
            [
              -79.1022189,
              44.1074012
            ],
            [
              -79.1026415,
              44.1075971
            ],
            [
              -79.1024982,
              44.1077526
            ],
            [
              -79.1018969,
              44.1076692
            ],
            [
              -79.1014451,
              44.1074134
            ],
            [
              -79.10074,
              44.1064838
            ],
            [
              -79.1003706,
              44.1063159
            ],
            [
              -79.0991324,
              44.1066062
            ],
            [
              -79.0979332,
              44.1068219
            ],
            [
              -79.0975477,
              44.1068419
            ],
            [
              -79.0969803,
              44.1053104
            ],
            [
              -79.0981855,
              44.1036757
            ],
            [
              -79.1047598,
              44.1042283
            ]
          ]
        ]
      },
      "properties": {
        "id": 56118789,
        "attribution": "Natural Resources Canada",
        "canvec:CODE": "1240022",
        "canvec:UUID": "11CF4384B1A4E5F4E0409C8467120387",
        "leisure": "park",
        "name": "Foxwood",
        "source": "CanVec_Import_2009"
      }
    },
    {
      "type": "Feature",
      "geometry": {
        "type": "Polygon",
        "coordinates": [
          [
            [
              -79.1138161,
              44.1068414
            ],
            [
              -79.1133553,
              44.1069073
            ],
            [
              -79.1134159,
              44.1070586
            ],
            [
              -79.1105616,
              44.1077174
            ],
            [
              -79.1102738,
              44.1071908
            ],
            [
              -79.109921,
              44.1072575
            ],
            [
              -79.1098467,
              44.1071308
            ],
            [
              -79.1092433,
              44.1072842
            ],
            [
              -79.1091226,
              44.1072108
            ],
            [
              -79.1096703,
              44.1063509
            ],
            [
              -79.1094661,
              44.1060776
            ],
            [
              -79.1082778,
              44.105711
            ],
            [
              -79.1106637,
              44.1059909
            ],
            [
              -79.1133188,
              44.1058776
            ],
            [
              -79.1133361,
              44.1059509
            ],
            [
              -79.1138161,
              44.1068414
            ]
          ]
        ]
      },
      "properties": {
        "id": 173209723,
        "leisure": "park",
        "name": "Bonner Fields",
        "source": "Bing"
      }
    },
    {
      "type": "Feature",
      "geometry": {
        "type": "Polygon",
        "coordinates": [
          [
            [
              -79.1266489,
              44.1233202
            ],
            [
              -79.1264089,
              44.1233764
            ],
            [
              -79.1214788,
              44.1245299
            ],
            [
              -79.1216062,
              44.1249363
            ],
            [
              -79.121677,
              44.1252819
            ],
            [
              -79.1214505,
              44.1257595
            ],
            [
              -79.1212098,
              44.1259627
            ],
            [
              -79.1207143,
              44.1261355
            ],
            [
              -79.1172176,
              44.1268671
            ],
            [
              -79.117161,
              44.1273041
            ],
            [
              -79.1164531,
              44.1276902
            ],
            [
              -79.1161841,
              44.1291331
            ],
            [
              -79.1163921,
              44.1296825
            ],
            [
              -79.127085,
              44.1271886
            ],
            [
              -79.1282205,
              44.1268561
            ],
            [
              -79.1274369,
              44.1250674
            ],
            [
              -79.1266489,
              44.1233202
            ]
          ]
        ]
      },
      "properties": {
        "id": 313723689,
        "leisure": "park",
        "name": "Fields of Uxbridge"
      }
    },
    {
      "type": "Feature",
      "geometry": {
        "type": "Polygon",
        "coordinates": [
          [
            [
              -79.1107588,
              44.1171651
            ],
            [
              -79.1133265,
              44.1165945
            ],
            [
              -79.1125215,
              44.1150291
            ],
            [
              -79.1119611,
              44.1151534
            ],
            [
              -79.1116,
              44.1143022
            ],
            [
              -79.1114415,
              44.1139464
            ],
            [
              -79.1113192,
              44.1132734
            ],
            [
              -79.1092508,
              44.1137635
            ],
            [
              -79.1107588,
              44.1171651
            ]
          ]
        ]
      },
      "properties": {
        "id": 166901351,
        "leisure": "park",
        "name": "Herrema Fields",
        "source": "Bing"
      }
    },
    {
      "type": "Feature",
      "geometry": {
        "type": "Polygon",
        "coordinates": [
          [
            [
              -79.1599108,
              44.2046293
            ],
            [
              -79.1583229,
              44.2050446
            ],
            [
              -79.1575665,
              44.2044716
            ],
            [
              -79.1576309,
              44.2039179
            ],
            [
              -79.1576819,
              44.2039236
            ],
            [
              -79.1576738,
              44.2040178
            ],
            [
              -79.1579688,
              44.2041428
            ],
            [
              -79.1580198,
              44.2041505
            ],
            [
              -79.15806,
              44.2038448
            ],
            [
              -79.1596828,
              44.2041928
            ],
            [
              -79.1599108,
              44.2046293
            ]
          ]
        ]
      },
      "properties": {
        "id": 382907977,
        "leisure": "park",
        "name": "Leaskdale Park"
      }
    },
    {
      "type": "Feature",
      "geometry": {
        "type": "Polygon",
        "coordinates": [
          [
            [
              -78.9565562,
              44.1084574
            ],
            [
              -78.9565121,
              44.1084608
            ],
            [
              -78.9539725,
              44.1089512
            ],
            [
              -78.9542989,
              44.1098031
            ],
            [
              -78.9530272,
              44.1100762
            ],
            [
              -78.9515985,
              44.1103293
            ],
            [
              -78.952443,
              44.1121324
            ],
            [
              -78.9545463,
              44.1117226
            ],
            [
              -78.9568069,
              44.1112965
            ],
            [
              -78.9566173,
              44.109147
            ],
            [
              -78.9565898,
              44.1088369
            ],
            [
              -78.9565562,
              44.1084574
            ]
          ]
        ]
      },
      "properties": {
        "id": 77962698,
        "leisure": "park",
        "name": "Port Perry Fair Ground",
        "note": "Exhibition ground",
        "source": "CanVec 6.0 - NRCan"
      }
    },
    {
      "type": "Feature",
      "geometry": {
        "type": "Polygon",
        "coordinates": [
          [
            [
              -78.9417687,
              44.0973664
            ],
            [
              -78.9416221,
              44.0973871
            ],
            [
              -78.94118,
              44.0974721
            ],
            [
              -78.941419,
              44.0980759
            ],
            [
              -78.9419076,
              44.0981687
            ],
            [
              -78.9419927,
              44.0980007
            ],
            [
              -78.9424647,
              44.0980436
            ],
            [
              -78.9426044,
              44.0978369
            ],
            [
              -78.9421236,
              44.0977511
            ],
            [
              -78.9417687,
              44.0973664
            ]
          ]
        ]
      },
      "properties": {
        "id": 77963830,
        "leisure": "park",
        "name": "Apple Vally Park",
        "source": "CanVec 6.0 - NRCan"
      }
    },
    {
      "type": "Feature",
      "geometry": {
        "type": "Polygon",
        "coordinates": [
          [
            [
              -78.9404075,
              44.1029312
            ],
            [
              -78.9397493,
              44.102128
            ],
            [
              -78.9391894,
              44.1025024
            ],
            [
              -78.9389421,
              44.1029112
            ],
            [
              -78.9391822,
              44.1031923
            ],
            [
              -78.9396404,
              44.1036049
            ],
            [
              -78.940155,
              44.1037188
            ],
            [
              -78.9400677,
              44.104147
            ],
            [
              -78.9403379,
              44.1043713
            ],
            [
              -78.940488,
              44.104481
            ],
            [
              -78.9405372,
              44.1045902
            ],
            [
              -78.9405067,
              44.1046755
            ],
            [
              -78.940753,
              44.1049396
            ],
            [
              -78.9406579,
              44.1049583
            ],
            [
              -78.9411608,
              44.1056339
            ],
            [
              -78.9413211,
              44.1056091
            ],
            [
              -78.9414353,
              44.1057486
            ],
            [
              -78.9417708,
              44.1056927
            ],
            [
              -78.9423637,
              44.1054118
            ],
            [
              -78.9416409,
              44.1045043
            ],
            [
              -78.940975,
              44.1035438
            ],
            [
              -78.9404075,
              44.1029312
            ]
          ]
        ]
      },
      "properties": {
        "id": 77963130,
        "leisure": "park",
        "name": "Port Perry Waterfront",
        "source": "CanVec 6.0 - NRCan"
      }
    },
    {
      "type": "Feature",
      "geometry": {
        "type": "Polygon",
        "coordinates": [
          [
            [
              -78.941468,
              44.1056746
            ],
            [
              -78.9421734,
              44.1053915
            ],
            [
              -78.9415431,
              44.1046226
            ],
            [
              -78.9413796,
              44.104702
            ],
            [
              -78.9411234,
              44.1045211
            ],
            [
              -78.9406639,
              44.1046702
            ],
            [
              -78.941468,
              44.1056746
            ]
          ]
        ]
      },
      "properties": {
        "id": 330987515,
        "leisure": "park",
        "name": "Palmer Park",
        "wikidata": "Q100428385"
      }
    },
    {
      "type": "Feature",
      "geometry": {
        "type": "Polygon",
        "coordinates": [
          [
            [
              -78.9409573,
              44.1041957
            ],
            [
              -78.9404799,
              44.1043575
            ],
            [
              -78.9405845,
              44.1044422
            ],
            [
              -78.9406515,
              44.104579
            ],
            [
              -78.9406301,
              44.1046637
            ],
            [
              -78.9407374,
              44.1047908
            ],
            [
              -78.9409385,
              44.1048775
            ],
            [
              -78.9413087,
              44.1047446
            ],
            [
              -78.9412014,
              44.1045231
            ],
            [
              -78.9409573,
              44.1041957
            ]
          ]
        ]
      },
      "properties": {
        "id": 468503549,
        "leisure": "park",
        "name": "Palmer Playground"
      }
    },
    {
      "type": "Feature",
      "geometry": {
        "type": "Polygon",
        "coordinates": [
          [
            [
              -79.0234995,
              44.1713083
            ],
            [
              -79.0222603,
              44.1715353
            ],
            [
              -79.021681,
              44.1702156
            ],
            [
              -79.0230811,
              44.1703618
            ],
            [
              -79.0234995,
              44.1713083
            ]
          ]
        ]
      },
      "properties": {
        "id": 661576333,
        "leisure": "park",
        "name": "Ilinden Macedonian Park"
      }
    },
    {
      "type": "Feature",
      "geometry": {
        "type": "Polygon",
        "coordinates": [
          [
            [
              -78.8613216,
              44.1731126
            ],
            [
              -78.8612829,
              44.1736059
            ],
            [
              -78.8616888,
              44.175147
            ],
            [
              -78.8618555,
              44.1753511
            ],
            [
              -78.8622084,
              44.1753896
            ],
            [
              -78.8623668,
              44.1753008
            ],
            [
              -78.8625898,
              44.175033
            ],
            [
              -78.8634136,
              44.1736941
            ],
            [
              -78.8613216,
              44.1731126
            ]
          ]
        ]
      },
      "properties": {
        "id": 77945599,
        "leisure": "park",
        "name": "Sunrise Park",
        "source": "CanVec 6.0 - NRCan"
      }
    },
    {
      "type": "Feature",
      "geometry": {
        "type": "Polygon",
        "coordinates": [
          [
            [
              -78.8612283,
              44.1735733
            ],
            [
              -78.8601138,
              44.1735516
            ],
            [
              -78.8599792,
              44.1726618
            ],
            [
              -78.861273,
              44.1722897
            ],
            [
              -78.8612283,
              44.1735733
            ]
          ]
        ]
      },
      "properties": {
        "id": 479617861,
        "leisure": "park",
        "name": "Sunrise Beach"
      }
    },
    {
      "type": "Feature",
      "geometry": {
        "type": "Polygon",
        "coordinates": [
          [
            [
              -79.1562581,
              44.4301438
            ],
            [
              -79.1554556,
              44.4299902
            ],
            [
              -79.1551964,
              44.4300513
            ],
            [
              -79.1551137,
              44.4302305
            ],
            [
              -79.1553067,
              44.4302876
            ],
            [
              -79.1554225,
              44.4303841
            ],
            [
              -79.1555825,
              44.4304727
            ],
            [
              -79.15585,
              44.4307149
            ],
            [
              -79.1559796,
              44.4307681
            ],
            [
              -79.1562443,
              44.4308311
            ],
            [
              -79.1564925,
              44.4308882
            ],
            [
              -79.1566497,
              44.4309847
            ],
            [
              -79.1568537,
              44.4310654
            ],
            [
              -79.1569806,
              44.4310654
            ],
            [
              -79.1571268,
              44.4311442
            ],
            [
              -79.157488,
              44.4313332
            ],
            [
              -79.1576038,
              44.431351
            ],
            [
              -79.1577555,
              44.4314435
            ],
            [
              -79.1578796,
              44.431475
            ],
            [
              -79.1580643,
              44.4314691
            ],
            [
              -79.1582629,
              44.4314179
            ],
            [
              -79.1583263,
              44.4313254
            ],
            [
              -79.1583429,
              44.4312624
            ],
            [
              -79.1583925,
              44.431095
            ],
            [
              -79.1584504,
              44.4309532
            ],
            [
              -79.1580202,
              44.4308764
            ],
            [
              -79.1580147,
              44.4307641
            ],
            [
              -79.157841,
              44.4307346
            ],
            [
              -79.157932,
              44.4304806
            ],
            [
              -79.1562581,
              44.4301438
            ]
          ]
        ]
      },
      "properties": {
        "id": 594284743,
        "description": "Contains a small field, skateboard park, children's playground and some historical interests around the perimeter such as the local museum and the old mill gears",
        "leisure": "park",
        "name": "Mill Gateway Park"
      }
    },
    {
      "type": "Feature",
      "geometry": {
        "type": "Polygon",
        "coordinates": [
          [
            [
              -79.1650201,
              44.4313555
            ],
            [
              -79.1664251,
              44.4296361
            ],
            [
              -79.1644149,
              44.4290398
            ],
            [
              -79.1642691,
              44.4289799
            ],
            [
              -79.1605889,
              44.4298191
            ],
            [
              -79.1606507,
              44.4303964
            ],
            [
              -79.1650201,
              44.4313555
            ]
          ]
        ]
      },
      "properties": {
        "id": 594287424,
        "landuse": "recreation_ground",
        "name": "Beaverton Fair Grounds"
      }
    },
    {
      "type": "Feature",
      "geometry": {
        "type": "Polygon",
        "coordinates": [
          [
            [
              -79.1649105,
              44.4311854
            ],
            [
              -79.1633987,
              44.4308977
            ],
            [
              -79.1630045,
              44.4304677
            ],
            [
              -79.1644903,
              44.4300904
            ],
            [
              -79.164291,
              44.4296047
            ],
            [
              -79.1647805,
              44.4295212
            ],
            [
              -79.1653956,
              44.4296449
            ],
            [
              -79.1657941,
              44.4300099
            ],
            [
              -79.1658331,
              44.4301089
            ],
            [
              -79.1653306,
              44.4307894
            ],
            [
              -79.1649105,
              44.4311854
            ]
          ]
        ]
      },
      "properties": {
        "id": 594288448,
        "description": "Contains 2 local (fully lit) baseball pitches, parking, concession stand, benches and small playground.",
        "leisure": "park",
        "name": "Beaverton Ball Park"
      }
    },
    {
      "type": "Feature",
      "geometry": {
        "type": "Polygon",
        "coordinates": [
          [
            [
              -79.166899,
              44.4321528
            ],
            [
              -79.1657548,
              44.4320377
            ],
            [
              -79.1656965,
              44.431906
            ],
            [
              -79.1658552,
              44.4316976
            ],
            [
              -79.1662428,
              44.4317493
            ],
            [
              -79.1663736,
              44.4316192
            ],
            [
              -79.1665277,
              44.4316693
            ],
            [
              -79.1665931,
              44.4317576
            ],
            [
              -79.1667799,
              44.4318877
            ],
            [
              -79.1669784,
              44.4320828
            ],
            [
              -79.166899,
              44.4321528
            ]
          ]
        ]
      },
      "properties": {
        "id": 594286907,
        "description": "Contains the local \"Splash Pad\", playground and picnic area.",
        "leisure": "park",
        "name": "Beaverton Habour Park"
      }
    },
    {
      "type": "Feature",
      "geometry": {
        "type": "Polygon",
        "coordinates": [
          [
            [
              -79.154668,
              44.4324218
            ],
            [
              -79.155203,
              44.4318779
            ],
            [
              -79.1565858,
              44.4325715
            ],
            [
              -79.1560509,
              44.4331154
            ],
            [
              -79.154668,
              44.4324218
            ]
          ]
        ]
      },
      "properties": {
        "id": 594285988,
        "leisure": "park",
        "name": "King Street Park"
      }
    },
    {
      "type": "Feature",
      "geometry": {
        "type": "Polygon",
        "coordinates": [
          [
            [
              -79.1579402,
              44.4665196
            ],
            [
              -79.1583632,
              44.4672611
            ],
            [
              -79.1586983,
              44.4677136
            ],
            [
              -79.1594199,
              44.4685096
            ],
            [
              -79.1595983,
              44.4686513
            ],
            [
              -79.1597534,
              44.4687159
            ],
            [
              -79.1599205,
              44.4687464
            ],
            [
              -79.1598695,
              44.4687826
            ],
            [
              -79.158655,
              44.4690166
            ],
            [
              -79.1578076,
              44.4667139
            ],
            [
              -79.1578742,
              44.4665622
            ],
            [
              -79.1579402,
              44.4665196
            ]
          ]
        ]
      },
      "properties": {
        "id": 55974837,
        "leisure": "park",
        "name": "Thorah Centennial Park",
        "source": "CanVec_Import_2009"
      }
    },
    {
      "type": "Feature",
      "geometry": {
        "type": "Polygon",
        "coordinates": [
          [
            [
              -78.9903584,
              44.3055981
            ],
            [
              -78.9889421,
              44.3058762
            ],
            [
              -78.9889729,
              44.3059568
            ],
            [
              -78.9892742,
              44.3067424
            ],
            [
              -78.9892942,
              44.3067946
            ],
            [
              -78.989333,
              44.3068958
            ],
            [
              -78.9893631,
              44.3069742
            ],
            [
              -78.9907794,
              44.306696
            ],
            [
              -78.9903584,
              44.3055981
            ]
          ]
        ]
      },
      "properties": {
        "id": 77475386,
        "leisure": "park",
        "name": "Manilla Park",
        "source": "CanVec 6.0 - NRCan"
      }
    },
    {
      "type": "Feature",
      "geometry": {
        "type": "Polygon",
        "coordinates": [
          [
            [
              -78.8560534,
              44.2826117
            ],
            [
              -78.8564851,
              44.2836508
            ],
            [
              -78.8568039,
              44.2842967
            ],
            [
              -78.8565255,
              44.2843776
            ],
            [
              -78.856584,
              44.2847073
            ],
            [
              -78.8557982,
              44.2849524
            ],
            [
              -78.8557352,
              44.2854779
            ],
            [
              -78.8561204,
              44.286342
            ],
            [
              -78.8576277,
              44.2859945
            ],
            [
              -78.8573556,
              44.2851333
            ],
            [
              -78.8583221,
              44.2849492
            ],
            [
              -78.8585262,
              44.2850509
            ],
            [
              -78.8589,
              44.2849769
            ],
            [
              -78.8584771,
              44.2839229
            ],
            [
              -78.8577878,
              44.2822417
            ],
            [
              -78.8560534,
              44.2826117
            ]
          ]
        ]
      },
      "properties": {
        "id": 77467884,
        "leisure": "park",
        "name": "Fairground exhibition ground",
        "source": "CanVec 6.0 - NRCan"
      }
    },
    {
      "type": "Feature",
      "geometry": {
        "type": "Polygon",
        "coordinates": [
          [
            [
              -78.8809602,
              44.3356417
            ],
            [
              -78.8805254,
              44.335724
            ],
            [
              -78.8804424,
              44.3354997
            ],
            [
              -78.8808771,
              44.3354174
            ],
            [
              -78.8809602,
              44.3356417
            ]
          ]
        ]
      },
      "properties": {
        "id": 1002130401,
        "leisure": "park",
        "name": "Oakwood Memorial park"
      }
    },
    {
      "type": "Feature",
      "geometry": {
        "type": "Polygon",
        "coordinates": [
          [
            [
              -78.8805918,
              44.3347871
            ],
            [
              -78.8795809,
              44.3350008
            ],
            [
              -78.8786241,
              44.335228
            ],
            [
              -78.8778685,
              44.3353875
            ],
            [
              -78.8783784,
              44.3367004
            ],
            [
              -78.8810967,
              44.3359955
            ],
            [
              -78.8809829,
              44.3356488
            ],
            [
              -78.8804799,
              44.3357385
            ],
            [
              -78.8803977,
              44.3355147
            ],
            [
              -78.8809081,
              44.3353794
            ],
            [
              -78.8805918,
              44.3347871
            ]
          ]
        ]
      },
      "properties": {
        "id": 77471227,
        "leisure": "park",
        "name": "Oakwood Community Centre Park"
      }
    },
    {
      "type": "Feature",
      "geometry": {
        "type": "Polygon",
        "coordinates": [
          [
            [
              -78.8788339,
              44.333072
            ],
            [
              -78.8786824,
              44.3327201
            ],
            [
              -78.8790804,
              44.3326395
            ],
            [
              -78.8790116,
              44.3324656
            ],
            [
              -78.8795395,
              44.3323587
            ],
            [
              -78.8794272,
              44.3320748
            ],
            [
              -78.8776793,
              44.3324288
            ],
            [
              -78.8780038,
              44.3332529
            ],
            [
              -78.8788339,
              44.333072
            ]
          ]
        ]
      },
      "properties": {
        "id": 282723287,
        "addr:housenumber": "972",
        "addr:street": "Eldon Road",
        "leisure": "park",
        "name": "Thorndyke Park"
      }
    },
    {
      "type": "Feature",
      "geometry": {
        "type": "Polygon",
        "coordinates": [
          [
            [
              -79.3249051,
              44.5716422
            ],
            [
              -79.3248106,
              44.5714334
            ],
            [
              -79.3247162,
              44.5712246
            ],
            [
              -79.3246218,
              44.5710158
            ],
            [
              -79.324582,
              44.5709278
            ],
            [
              -79.3244489,
              44.5706335
            ],
            [
              -79.3244569,
              44.5706285
            ],
            [
              -79.32446,
              44.5706265
            ],
            [
              -79.3243743,
              44.5704368
            ],
            [
              -79.3243467,
              44.5703759
            ],
            [
              -79.3242756,
              44.5702194
            ],
            [
              -79.3242046,
              44.5700629
            ],
            [
              -79.3241335,
              44.5699063
            ],
            [
              -79.3240625,
              44.5697498
            ],
            [
              -79.3239914,
              44.5695932
            ],
            [
              -79.3239214,
              44.5694389
            ],
            [
              -79.323917,
              44.5694291
            ],
            [
              -79.3239177,
              44.5694397
            ],
            [
              -79.3227092,
              44.5667559
            ],
            [
              -79.322799,
              44.5667341
            ],
            [
              -79.3230704,
              44.5666863
            ],
            [
              -79.3232163,
              44.5666794
            ],
            [
              -79.323255,
              44.5666632
            ],
            [
              -79.3233772,
              44.5666147
            ],
            [
              -79.3233975,
              44.566606
            ],
            [
              -79.3234753,
              44.5665688
            ],
            [
              -79.32368,
              44.5664814
            ],
            [
              -79.3237339,
              44.566461
            ],
            [
              -79.3238155,
              44.5664255
            ],
            [
              -79.3240243,
              44.566345
            ],
            [
              -79.3240732,
              44.5663284
            ],
            [
              -79.3242071,
              44.5662798
            ],
            [
              -79.3242633,
              44.566258
            ],
            [
              -79.3243033,
              44.5662388
            ],
            [
              -79.3244969,
              44.5661556
            ],
            [
              -79.3245811,
              44.5661169
            ],
            [
              -79.3246448,
              44.5660908
            ],
            [
              -79.3246786,
              44.5660773
            ],
            [
              -79.324695,
              44.5660721
            ],
            [
              -79.3247935,
              44.5660249
            ],
            [
              -79.3249391,
              44.5659746
            ],
            [
              -79.3249542,
              44.5659598
            ],
            [
              -79.3253082,
              44.5656854
            ],
            [
              -79.325351,
              44.5656589
            ],
            [
              -79.3255245,
              44.5655377
            ],
            [
              -79.3256301,
              44.5654734
            ],
            [
              -79.3257614,
              44.5653915
            ],
            [
              -79.3260035,
              44.5652596
            ],
            [
              -79.3261694,
              44.565181
            ],
            [
              -79.3263535,
              44.5651024
            ],
            [
              -79.3265572,
              44.5650244
            ],
            [
              -79.3268336,
              44.5649347
            ],
            [
              -79.3269266,
              44.5649097
            ],
            [
              -79.3270612,
              44.5648328
            ],
            [
              -79.3272271,
              44.5647464
            ],
            [
              -79.327313,
              44.5647057
            ],
            [
              -79.3274552,
              44.5646254
            ],
            [
              -79.3276712,
              44.5645172
            ],
            [
              -79.3278747,
              44.5644273
            ],
            [
              -79.328069,
              44.5643387
            ],
            [
              -79.3280837,
              44.5643314
            ],
            [
              -79.3282464,
              44.5642441
            ],
            [
              -79.328284,
              44.5642257
            ],
            [
              -79.3283622,
              44.5641828
            ],
            [
              -79.3286195,
              44.5640605
            ],
            [
              -79.3286812,
              44.5640345
            ],
            [
              -79.3288731,
              44.5639292
            ],
            [
              -79.3289309,
              44.5638986
            ],
            [
              -79.3290293,
              44.563848
            ],
            [
              -79.3291432,
              44.5637819
            ],
            [
              -79.3293097,
              44.5636853
            ],
            [
              -79.3293594,
              44.5636573
            ],
            [
              -79.3294874,
              44.5635871
            ],
            [
              -79.3296925,
              44.5634867
            ],
            [
              -79.3297678,
              44.563454
            ],
            [
              -79.3298141,
              44.5634307
            ],
            [
              -79.3298442,
              44.5634077
            ],
            [
              -79.329857,
              44.5633989
            ],
            [
              -79.3300302,
              44.5632914
            ],
            [
              -79.330171,
              44.5632124
            ],
            [
              -79.3303961,
              44.5631009
            ],
            [
              -79.3304892,
              44.5630605
            ],
            [
              -79.3306214,
              44.5629966
            ],
            [
              -79.3307413,
              44.5629332
            ],
            [
              -79.3307649,
              44.562917
            ],
            [
              -79.3309524,
              44.5628245
            ],
            [
              -79.3311112,
              44.562697
            ],
            [
              -79.3312653,
              44.5625912
            ],
            [
              -79.3313548,
              44.562533
            ],
            [
              -79.331483,
              44.5624538
            ],
            [
              -79.3315612,
              44.5624083
            ],
            [
              -79.3315759,
              44.5623956
            ],
            [
              -79.3318654,
              44.5621969
            ],
            [
              -79.3321988,
              44.5620371
            ],
            [
              -79.3323216,
              44.5619922
            ],
            [
              -79.3323471,
              44.5619835
            ],
            [
              -79.3325914,
              44.5619126
            ],
            [
              -79.3329811,
              44.561844
            ],
            [
              -79.3333815,
              44.5618248
            ],
            [
              -79.3337805,
              44.5618557
            ],
            [
              -79.334166,
              44.5619356
            ],
            [
              -79.334406,
              44.5620136
            ],
            [
              -79.3344309,
              44.5620229
            ],
            [
              -79.3345511,
              44.5620715
            ],
            [
              -79.3348751,
              44.5622408
            ],
            [
              -79.335153,
              44.5624478
            ],
            [
              -79.3353765,
              44.5626861
            ],
            [
              -79.3355386,
              44.5629486
            ],
            [
              -79.3355499,
              44.5629724
            ],
            [
              -79.3356616,
              44.5632626
            ],
            [
              -79.3356729,
              44.5633078
            ],
            [
              -79.3357084,
              44.5636312
            ],
            [
              -79.3357041,
              44.5637841
            ],
            [
              -79.335624,
              44.5641823
            ],
            [
              -79.3356103,
              44.5642181
            ],
            [
              -79.3355274,
              44.5643957
            ],
            [
              -79.3354876,
              44.5644671
            ],
            [
              -79.3353382,
              44.5646864
            ],
            [
              -79.3352729,
              44.5647665
            ],
            [
              -79.3352482,
              44.5647961
            ],
            [
              -79.335157,
              44.5649028
            ],
            [
              -79.3350816,
              44.5649854
            ],
            [
              -79.3349525,
              44.5651179
            ],
            [
              -79.3349309,
              44.5651484
            ],
            [
              -79.33491,
              44.5651768
            ],
            [
              -79.334868,
              44.5652477
            ],
            [
              -79.3347465,
              44.5654228
            ],
            [
              -79.3346681,
              44.5655207
            ],
            [
              -79.3345357,
              44.5656675
            ],
            [
              -79.33449,
              44.5657127
            ],
            [
              -79.3344737,
              44.5657472
            ],
            [
              -79.3345323,
              44.5658586
            ],
            [
              -79.3345551,
              44.56594
            ],
            [
              -79.3345729,
              44.5660115
            ],
            [
              -79.3345945,
              44.5662418
            ],
            [
              -79.3349391,
              44.566133
            ],
            [
              -79.3353288,
              44.5660644
            ],
            [
              -79.3357293,
              44.5660453
            ],
            [
              -79.335767,
              44.5660458
            ],
            [
              -79.336166,
              44.5660766
            ],
            [
              -79.3365515,
              44.5661565
            ],
            [
              -79.3367916,
              44.5662346
            ],
            [
              -79.3368165,
              44.5662439
            ],
            [
              -79.337406,
              44.5665609
            ],
            [
              -79.3374183,
              44.5665701
            ],
            [
              -79.337551,
              44.5666779
            ],
            [
              -79.3377745,
              44.5669163
            ],
            [
              -79.3379366,
              44.5671787
            ],
            [
              -79.3380326,
              44.5674573
            ],
            [
              -79.3380595,
              44.5677436
            ],
            [
              -79.3380564,
              44.5678516
            ],
            [
              -79.3380266,
              44.568084
            ],
            [
              -79.3380122,
              44.5681468
            ],
            [
              -79.338003,
              44.5681845
            ],
            [
              -79.3379888,
              44.5682383
            ],
            [
              -79.337974,
              44.5682903
            ],
            [
              -79.3379601,
              44.5683351
            ],
            [
              -79.3378591,
              44.5685739
            ],
            [
              -79.3376821,
              44.5688314
            ],
            [
              -79.3374453,
              44.569063
            ],
            [
              -79.3374135,
              44.5690884
            ],
            [
              -79.3373234,
              44.5691591
            ],
            [
              -79.3370432,
              44.5693451
            ],
            [
              -79.3369024,
              44.5694241
            ],
            [
              -79.3368247,
              44.5694658
            ],
            [
              -79.3367224,
              44.5695184
            ],
            [
              -79.3366166,
              44.5695696
            ],
            [
              -79.3364617,
              44.5696401
            ],
            [
              -79.3363251,
              44.5698006
            ],
            [
              -79.3361956,
              44.5699248
            ],
            [
              -79.336088,
              44.5700202
            ],
            [
              -79.3360113,
              44.5700834
            ],
            [
              -79.3359498,
              44.5701534
            ],
            [
              -79.3357384,
              44.5703572
            ],
            [
              -79.3356094,
              44.5704634
            ],
            [
              -79.3354805,
              44.5705696
            ],
            [
              -79.3354509,
              44.5705934
            ],
            [
              -79.3352834,
              44.570726
            ],
            [
              -79.3351691,
              44.5708102
            ],
            [
              -79.335092,
              44.5708631
            ],
            [
              -79.3349351,
              44.5709615
            ],
            [
              -79.3347815,
              44.5710492
            ],
            [
              -79.3344541,
              44.5712055
            ],
            [
              -79.3340869,
              44.5713214
            ],
            [
              -79.3340621,
              44.5713272
            ],
            [
              -79.3340454,
              44.5713322
            ],
            [
              -79.3340282,
              44.5713373
            ],
            [
              -79.3337361,
              44.5714231
            ],
            [
              -79.3336438,
              44.5714486
            ],
            [
              -79.3334788,
              44.5714912
            ],
            [
              -79.3332054,
              44.5715389
            ],
            [
              -79.3331285,
              44.5715862
            ],
            [
              -79.3332287,
              44.5715814
            ],
            [
              -79.3336278,
              44.5716122
            ],
            [
              -79.3339544,
              44.5716765
            ],
            [
              -79.3341044,
              44.5717147
            ],
            [
              -79.3341634,
              44.5717303
            ],
            [
              -79.3345236,
              44.5718569
            ],
            [
              -79.3348477,
              44.5720262
            ],
            [
              -79.3351257,
              44.5722332
            ],
            [
              -79.3353492,
              44.5724715
            ],
            [
              -79.3354121,
              44.5725594
            ],
            [
              -79.3354604,
              44.5726321
            ],
            [
              -79.3355596,
              44.5728067
            ],
            [
              -79.3356556,
              44.5730853
            ],
            [
              -79.3356735,
              44.5731897
            ],
            [
              -79.3356838,
              44.5732709
            ],
            [
              -79.3356927,
              44.5734528
            ],
            [
              -79.3356901,
              44.5735428
            ],
            [
              -79.33561,
              44.5739409
            ],
            [
              -79.3355828,
              44.5740125
            ],
            [
              -79.335508,
              44.5741752
            ],
            [
              -79.335331,
              44.5744327
            ],
            [
              -79.3350992,
              44.5746602
            ],
            [
              -79.3350347,
              44.5747132
            ],
            [
              -79.3348589,
              44.5748339
            ],
            [
              -79.3347431,
              44.5749205
            ],
            [
              -79.3346725,
              44.5749712
            ],
            [
              -79.3345341,
              44.5750661
            ],
            [
              -79.33451,
              44.5750838
            ],
            [
              -79.3344023,
              44.5751903
            ],
            [
              -79.334339,
              44.5752501
            ],
            [
              -79.3341321,
              44.5754361
            ],
            [
              -79.3340245,
              44.575526
            ],
            [
              -79.3338425,
              44.5756676
            ],
            [
              -79.3337175,
              44.5757676
            ],
            [
              -79.3336555,
              44.5758518
            ],
            [
              -79.3335823,
              44.5759441
            ],
            [
              -79.3333999,
              44.5761575
            ],
            [
              -79.3333244,
              44.57624
            ],
            [
              -79.3331427,
              44.5764264
            ],
            [
              -79.3330993,
              44.5764695
            ],
            [
              -79.3329919,
              44.5765735
            ],
            [
              -79.332962,
              44.5766166
            ],
            [
              -79.3329304,
              44.5766759
            ],
            [
              -79.3328772,
              44.5767742
            ],
            [
              -79.3328497,
              44.5768226
            ],
            [
              -79.3327968,
              44.5769118
            ],
            [
              -79.332743,
              44.5769958
            ],
            [
              -79.332651,
              44.5771295
            ],
            [
              -79.3326228,
              44.5771692
            ],
            [
              -79.3325049,
              44.5773295
            ],
            [
              -79.3322479,
              44.5776066
            ],
            [
              -79.3321058,
              44.5777306
            ],
            [
              -79.3319844,
              44.5778283
            ],
            [
              -79.331836,
              44.5779386
            ],
            [
              -79.3317133,
              44.5780312
            ],
            [
              -79.3314926,
              44.5781773
            ],
            [
              -79.3314005,
              44.5782308
            ],
            [
              -79.3313539,
              44.5782627
            ],
            [
              -79.3310409,
              44.5784427
            ],
            [
              -79.3307799,
              44.5785677
            ],
            [
              -79.3305063,
              44.5786979
            ],
            [
              -79.3303257,
              44.5787878
            ],
            [
              -79.330209,
              44.5788571
            ],
            [
              -79.3300168,
              44.5789713
            ],
            [
              -79.3298456,
              44.5790731
            ],
            [
              -79.3297251,
              44.5791482
            ],
            [
              -79.3296327,
              44.5792028
            ],
            [
              -79.3294919,
              44.5792818
            ],
            [
              -79.3293597,
              44.5793507
            ],
            [
              -79.329219,
              44.5794186
            ],
            [
              -79.329142,
              44.5794626
            ],
            [
              -79.3289054,
              44.5795992
            ],
            [
              -79.328741,
              44.5796945
            ],
            [
              -79.3286847,
              44.5797272
            ],
            [
              -79.3286287,
              44.5797688
            ],
            [
              -79.3285345,
              44.5798311
            ],
            [
              -79.3283401,
              44.5799656
            ],
            [
              -79.3276257,
              44.5782916
            ],
            [
              -79.3275779,
              44.5781796
            ],
            [
              -79.32757,
              44.5781612
            ],
            [
              -79.3273254,
              44.5775874
            ],
            [
              -79.3272471,
              44.577404
            ],
            [
              -79.3257982,
              44.5740058
            ],
            [
              -79.3251128,
              44.5723982
            ],
            [
              -79.325099,
              44.572366
            ],
            [
              -79.325221,
              44.5723409
            ],
            [
              -79.3251883,
              44.5722686
            ],
            [
              -79.3251697,
              44.5722274
            ],
            [
              -79.3250939,
              44.5720598
            ],
            [
              -79.3249995,
              44.571851
            ],
            [
              -79.3249781,
              44.5718037
            ],
            [
              -79.3249051,
              44.5716422
            ]
          ]
        ]
      },
      "properties": {
        "id": 58248144,
        "attribution": "Ontario Ministry of Natural Resources",
        "boundary": "national_park",
        "boundary:type": "Recreation",
        "date:protected": "1971",
        "is_in:zone": "CENTRAL",
        "leisure": "park",
        "name": "McRae Point Provincial Park",
        "name:short": "MCRAE POINT",
        "operator": "Ontario Parks",
        "operator:type": "public",
        "operator:url": "www.ontarioparks.com/english/",
        "operator:wikidata": "Q3364902",
        "source": "Land Information Ontario",
        "source:type": "Provincial Park",
        "website": "https://www.ontarioparks.ca/park/mcraepoint"
      }
    },
    {
      "type": "Feature",
      "geometry": {
        "type": "Polygon",
        "coordinates": [
          [
            [
              -79.3796225,
              44.6095529
            ],
            [
              -79.3802882,
              44.609217
            ],
            [
              -79.3806556,
              44.6091424
            ],
            [
              -79.3813516,
              44.6090548
            ],
            [
              -79.3823295,
              44.6091001
            ],
            [
              -79.3830307,
              44.6093166
            ],
            [
              -79.3836539,
              44.6096466
            ],
            [
              -79.3836987,
              44.6098093
            ],
            [
              -79.3837525,
              44.610092
            ],
            [
              -79.3838603,
              44.6102569
            ],
            [
              -79.3837611,
              44.6105395
            ],
            [
              -79.3837221,
              44.6106872
            ],
            [
              -79.3837759,
              44.6107879
            ],
            [
              -79.3840576,
              44.6109657
            ],
            [
              -79.3840184,
              44.6111862
            ],
            [
              -79.3835205,
              44.6116978
            ],
            [
              -79.3834964,
              44.6118391
            ],
            [
              -79.3835863,
              44.6119098
            ],
            [
              -79.3840388,
              44.6120727
            ],
            [
              -79.3843205,
              44.6120685
            ],
            [
              -79.3844375,
              44.6120257
            ],
            [
              -79.3850675,
              44.6113194
            ],
            [
              -79.3853466,
              44.6107413
            ],
            [
              -79.3866694,
              44.6094036
            ],
            [
              -79.3872843,
              44.6087401
            ],
            [
              -79.3873204,
              44.6085645
            ],
            [
              -79.3872276,
              44.6084296
            ],
            [
              -79.3873418,
              44.607995
            ],
            [
              -79.3877167,
              44.6075433
            ],
            [
              -79.3879295,
              44.6076164
            ],
            [
              -79.388199,
              44.6076793
            ],
            [
              -79.3885878,
              44.6076699
            ],
            [
              -79.3889015,
              44.6075472
            ],
            [
              -79.3889324,
              44.6075095
            ],
            [
              -79.3907356,
              44.6069243
            ],
            [
              -79.3907263,
              44.606683
            ],
            [
              -79.3914709,
              44.6063884
            ],
            [
              -79.391585,
              44.6063397
            ],
            [
              -79.3916572,
              44.606289
            ],
            [
              -79.3917597,
              44.6061834
            ],
            [
              -79.3916132,
              44.6062568
            ],
            [
              -79.3885172,
              44.606333
            ],
            [
              -79.3876683,
              44.6063701
            ],
            [
              -79.3875326,
              44.6063768
            ],
            [
              -79.3874452,
              44.6063811
            ],
            [
              -79.3873955,
              44.6063832
            ],
            [
              -79.3843604,
              44.6065133
            ],
            [
              -79.3828737,
              44.6065699
            ],
            [
              -79.3802375,
              44.6066858
            ],
            [
              -79.3796759,
              44.6066565
            ],
            [
              -79.3791367,
              44.6065589
            ],
            [
              -79.3774628,
              44.6061033
            ],
            [
              -79.3769147,
              44.6059466
            ],
            [
              -79.3768964,
              44.6059869
            ],
            [
              -79.3768794,
              44.606237
            ],
            [
              -79.3769418,
              44.6064761
            ],
            [
              -79.377247,
              44.6068984
            ],
            [
              -79.3782865,
              44.6081247
            ],
            [
              -79.3789822,
              44.608945
            ],
            [
              -79.3794096,
              44.6094553
            ],
            [
              -79.3794936,
              44.6096299
            ],
            [
              -79.3796225,
              44.6095529
            ]
          ]
        ]
      },
      "properties": {
        "id": 576387951,
        "leisure": "park",
        "name": "Tudhope Park"
      }
    },
    {
      "type": "Feature",
      "geometry": {
        "type": "Polygon",
        "coordinates": [
          [
            [
              -79.3599146,
              44.5841515
            ],
            [
              -79.3612484,
              44.5827367
            ],
            [
              -79.3636297,
              44.5838216
            ],
            [
              -79.3639935,
              44.5839874
            ],
            [
              -79.3640424,
              44.5840097
            ],
            [
              -79.3628085,
              44.5854084
            ],
            [
              -79.362854,
              44.5855026
            ],
            [
              -79.3639776,
              44.5884255
            ],
            [
              -79.3645499,
              44.5898262
            ],
            [
              -79.3580792,
              44.5911999
            ],
            [
              -79.3569102,
              44.5904967
            ],
            [
              -79.3565794,
              44.5897292
            ],
            [
              -79.3548636,
              44.5852552
            ],
            [
              -79.3597983,
              44.5841769
            ],
            [
              -79.3599146,
              44.5841515
            ]
          ]
        ]
      },
      "properties": {
        "id": 58248142,
        "attribution": "Ontario Ministry of Natural Resources",
        "boundary": "national_park",
        "boundary:type": "Recreation",
        "date:protected": "1970",
        "is_in:zone": "CENTRAL",
        "leisure": "park",
        "name": "Mara Provincial Park",
        "name:short": "MARA",
        "operator": "Ontario Parks",
        "operator:type": "public",
        "operator:url": "www.ontarioparks.com/english/",
        "operator:wikidata": "Q3364902",
        "source": "Land Information Ontario",
        "source:type": "Provincial Park",
        "website": "https://www.ontarioparks.ca/park/mara",
        "wikidata": "Q6754517"
      }
    },
    {
      "type": "Feature",
      "geometry": {
        "type": "Polygon",
        "coordinates": [
          [
            [
              -79.3655376,
              44.5983376
            ],
            [
              -79.3658619,
              44.5971545
            ],
            [
              -79.3660905,
              44.5971727
            ],
            [
              -79.3660675,
              44.5972862
            ],
            [
              -79.3661721,
              44.5974597
            ],
            [
              -79.3663544,
              44.5976407
            ],
            [
              -79.3667471,
              44.5978176
            ],
            [
              -79.367005,
              44.5979521
            ],
            [
              -79.3672664,
              44.5981257
            ],
            [
              -79.367512,
              44.5984126
            ],
            [
              -79.3672296,
              44.5983899
            ],
            [
              -79.3671896,
              44.5985086
            ],
            [
              -79.3663787,
              44.5984246
            ],
            [
              -79.3655376,
              44.5983376
            ]
          ]
        ]
      },
      "properties": {
        "id": 1356302599,
        "leisure": "park",
        "name": "Atherley Community Park"
      }
    },
    {
      "type": "Feature",
      "geometry": {
        "type": "Polygon",
        "coordinates": [
          [
            [
              -79.3683338,
              44.6184439
            ],
            [
              -79.3681056,
              44.6186943
            ],
            [
              -79.3681294,
              44.618917
            ],
            [
              -79.3679282,
              44.619236
            ],
            [
              -79.368114,
              44.6192875
            ],
            [
              -79.36839,
              44.6191548
            ],
            [
              -79.3687352,
              44.6187052
            ],
            [
              -79.3687892,
              44.6186348
            ],
            [
              -79.3687925,
              44.6183714
            ],
            [
              -79.3685798,
              44.6182514
            ],
            [
              -79.3683639,
              44.6183219
            ],
            [
              -79.3683338,
              44.6184439
            ]
          ]
        ]
      },
      "properties": {
        "id": 56156870,
        "attribution": "Natural Resources Canada",
        "canvec:CODE": "1240022",
        "canvec:UUID": "11CF4384CCB1E5F4E0409C8467120387",
        "coastal": "no",
        "name": "Nadie Island",
        "natural": "wood",
        "place": "islet",
        "source": "CanVec_Import_2009",
        "wikidata": "Q22646981"
      }
    },
    {
      "type": "Feature",
      "geometry": {
        "type": "Polygon",
        "coordinates": [
          [
            [
              -79.2051236,
              44.532368
            ],
            [
              -79.2046312,
              44.5325398
            ],
            [
              -79.20456,
              44.5324326
            ],
            [
              -79.2050289,
              44.5322513
            ],
            [
              -79.2051236,
              44.532368
            ]
          ]
        ]
      },
      "properties": {
        "id": 1060295329,
        "addr:city": "Brechin",
        "addr:housenumber": "2648",
        "addr:province": "Ontario",
        "addr:street": "Lakeshore Drive",
        "leisure": "park",
        "lifeguard": "no",
        "name": "Brechin Beach Lot Public Swim Area"
      }
    },
    {
      "type": "Feature",
      "geometry": {
        "type": "Polygon",
        "coordinates": [
          [
            [
              -79.178859,
              44.5443584
            ],
            [
              -79.1796704,
              44.5450734
            ],
            [
              -79.1800728,
              44.5459478
            ],
            [
              -79.1787573,
              44.5462461
            ],
            [
              -79.1779616,
              44.5445723
            ],
            [
              -79.1784085,
              44.5444707
            ],
            [
              -79.178859,
              44.5443584
            ]
          ]
        ]
      },
      "properties": {
        "id": 56156286,
        "leisure": "park",
        "name": "Brechin Community Centre Park",
        "source": "CanVec_Import_2009"
      }
    },
    {
      "type": "Feature",
      "geometry": {
        "type": "Polygon",
        "coordinates": [
          [
            [
              -78.8681543,
              44.5677419
            ],
            [
              -78.868156,
              44.5678426
            ],
            [
              -78.8678174,
              44.5681081
            ],
            [
              -78.8673114,
              44.5680964
            ],
            [
              -78.8671534,
              44.5682859
            ],
            [
              -78.8671331,
              44.5684828
            ],
            [
              -78.867319,
              44.5687087
            ],
            [
              -78.867477,
              44.5687653
            ],
            [
              -78.8676488,
              44.5686786
            ],
            [
              -78.8683845,
              44.5680217
            ],
            [
              -78.8683867,
              44.5678397
            ],
            [
              -78.8681543,
              44.5677419
            ]
          ]
        ]
      },
      "properties": {
        "id": 56676901,
        "attribution": "Natural Resources Canada",
        "canvec:CODE": "1240022",
        "canvec:UUID": "dd4245bdff4946abbc4b7129c413ebaf",
        "coastal": "no",
        "name": "Ant Island",
        "natural": "wood",
        "place": "islet",
        "source": "CanVec_Import_2009",
        "wikidata": "Q22435311"
      }
    },
    {
      "type": "Feature",
      "geometry": {
        "type": "Polygon",
        "coordinates": [
          [
            [
              -78.7721143,
              44.0188682
            ],
            [
              -78.7718163,
              44.0189382
            ],
            [
              -78.7706276,
              44.0192172
            ],
            [
              -78.7709215,
              44.0198857
            ],
            [
              -78.7723565,
              44.0195528
            ],
            [
              -78.7723911,
              44.0194971
            ],
            [
              -78.7721143,
              44.0188682
            ]
          ]
        ]
      },
      "properties": {
        "id": 1329673669,
        "addr:city": "Enniskillen",
        "addr:housenumber": "8195",
        "addr:province": "Ontario",
        "addr:street": "Old Scugog Road",
        "leisure": "park",
        "name": "Enniskillen Park",
        "opening_hours": "sunrise-sunset",
        "operator": "Municipality of Clarington",
        "operator:type": "government"
      }
    },
    {
      "type": "Feature",
      "geometry": {
        "type": "Polygon",
        "coordinates": [
          [
            [
              -78.7976801,
              44.0529614
            ],
            [
              -78.7954006,
              44.054015
            ],
            [
              -78.7961868,
              44.0550671
            ],
            [
              -78.7983372,
              44.0542128
            ],
            [
              -78.7976801,
              44.0529614
            ]
          ]
        ]
      },
      "properties": {
        "id": 77961770,
        "addr:city": "Burketon",
        "addr:housenumber": "90",
        "addr:province": "Ontario",
        "addr:street": "Darlington Street",
        "leisure": "park",
        "name": "Burketon Park",
        "opening_hours": "sunrise-sunset",
        "operator": "Municipality of Clarington",
        "operator:type": "government",
        "source": "CanVec 6.0 - NRCan"
      }
    },
    {
      "type": "Feature",
      "geometry": {
        "type": "Polygon",
        "coordinates": [
          [
            [
              -78.7455351,
              44.0209322
            ],
            [
              -78.7449365,
              44.0210679
            ],
            [
              -78.7446774,
              44.0205394
            ],
            [
              -78.7452894,
              44.0204029
            ],
            [
              -78.7455351,
              44.0209322
            ]
          ]
        ]
      },
      "properties": {
        "id": 1351431586,
        "addr:city": "Haydon",
        "addr:housenumber": "2503",
        "addr:province": "Ontario",
        "addr:street": "Concession Road 8",
        "leisure": "park",
        "name": "Haydon Hall Parkette",
        "opening_hours": "sunrise-sunset",
        "operator": "Municipality of Clarington",
        "operator:type": "government"
      }
    },
    {
      "type": "Feature",
      "geometry": {
        "type": "Polygon",
        "coordinates": [
          [
            [
              -78.7176728,
              44.0093876
            ],
            [
              -78.7162046,
              44.0097398
            ],
            [
              -78.7172586,
              44.0120975
            ],
            [
              -78.7176923,
              44.013047
            ],
            [
              -78.7190968,
              44.0127045
            ],
            [
              -78.7180499,
              44.0102692
            ],
            [
              -78.7176728,
              44.0093876
            ]
          ]
        ]
      },
      "properties": {
        "id": 77852237,
        "addr:city": "Tyrone",
        "addr:housenumber": "2716",
        "addr:province": "Ontario",
        "addr:street": "Concession Road 7",
        "leisure": "park",
        "name": "Tyrone Park",
        "opening_hours": "sunrise-sunset",
        "operator": "Municpality of Clarington",
        "operator:type": "government",
        "source": "CanVec 6.0 - NRCan"
      }
    },
    {
      "type": "Feature",
      "geometry": {
        "type": "Polygon",
        "coordinates": [
          [
            [
              -78.8222925,
              44.104395
            ],
            [
              -78.8202789,
              44.1049005
            ],
            [
              -78.8209967,
              44.1066911
            ],
            [
              -78.822558,
              44.1063193
            ],
            [
              -78.8230248,
              44.1062156
            ],
            [
              -78.8222925,
              44.104395
            ]
          ]
        ]
      },
      "properties": {
        "id": 77962080,
        "leisure": "park",
        "name": "Blackstock Fairground exhibition ground",
        "note": "Fairground exhibition ground",
        "source": "CanVec 6.0 - NRCan",
        "website": "http://www.blackstockfair.ca/"
      }
    },
    {
      "type": "Feature",
      "geometry": {
        "type": "Polygon",
        "coordinates": [
          [
            [
              -78.7944815,
              44.1399425
            ],
            [
              -78.7953921,
              44.1417853
            ],
            [
              -78.7971984,
              44.1413257
            ],
            [
              -78.7976273,
              44.1421935
            ],
            [
              -78.7998427,
              44.1416294
            ],
            [
              -78.7985026,
              44.1389188
            ],
            [
              -78.7944815,
              44.1399425
            ]
          ]
        ]
      },
      "properties": {
        "id": 77945630,
        "leisure": "park",
        "name": "Cartwright Fields"
      }
    },
    {
      "type": "Feature",
      "geometry": {
        "type": "Polygon",
        "coordinates": [
          [
            [
              -78.7571297,
              44.2506456
            ],
            [
              -78.7568795,
              44.2506715
            ],
            [
              -78.7566226,
              44.2507508
            ],
            [
              -78.7562387,
              44.2509703
            ],
            [
              -78.7559208,
              44.2513569
            ],
            [
              -78.755447,
              44.2522426
            ],
            [
              -78.7554,
              44.2524069
            ],
            [
              -78.7554091,
              44.2532193
            ],
            [
              -78.7554643,
              44.2533116
            ],
            [
              -78.7555911,
              44.253381
            ],
            [
              -78.7560905,
              44.2534018
            ],
            [
              -78.7565966,
              44.2533692
            ],
            [
              -78.7568442,
              44.2533155
            ],
            [
              -78.756982,
              44.2532503
            ],
            [
              -78.7572802,
              44.2529874
            ],
            [
              -78.7575078,
              44.2524654
            ],
            [
              -78.7575566,
              44.2513542
            ],
            [
              -78.7573029,
              44.2507965
            ],
            [
              -78.7572478,
              44.2507042
            ],
            [
              -78.7571297,
              44.2506456
            ]
          ]
        ]
      },
      "properties": {
        "id": 77467825,
        "name": "Scugog Island 'A'",
        "natural": "wood"
      }
    },
    {
      "type": "Feature",
      "geometry": {
        "type": "Polygon",
        "coordinates": [
          [
            [
              -78.7562552,
              44.3422947
            ],
            [
              -78.7564419,
              44.3422541
            ],
            [
              -78.7566787,
              44.3427614
            ],
            [
              -78.7567343,
              44.3427479
            ],
            [
              -78.7565226,
              44.3422587
            ],
            [
              -78.7579287,
              44.3419395
            ],
            [
              -78.7577715,
              44.3414687
            ],
            [
              -78.7574101,
              44.3415478
            ],
            [
              -78.7559764,
              44.3418614
            ],
            [
              -78.7560939,
              44.3421167
            ],
            [
              -78.7558129,
              44.3421818
            ],
            [
              -78.7562552,
              44.3422947
            ]
          ]
        ]
      },
      "properties": {
        "id": 183190288,
        "leisure": "park",
        "name": "Dormer Road Park",
        "source": "Bing"
      }
    },
    {
      "type": "Feature",
      "geometry": {
        "type": "Polygon",
        "coordinates": [
          [
            [
              -78.7517401,
              44.3419123
            ],
            [
              -78.751938,
              44.3418058
            ],
            [
              -78.7520832,
              44.3417294
            ],
            [
              -78.7522429,
              44.341622
            ],
            [
              -78.7524025,
              44.3415526
            ],
            [
              -78.7528926,
              44.3413096
            ],
            [
              -78.752953,
              44.3409736
            ],
            [
              -78.7523613,
              44.340927
            ],
            [
              -78.752024,
              44.3411767
            ],
            [
              -78.7515565,
              44.341219
            ],
            [
              -78.7512133,
              44.341401
            ],
            [
              -78.7517401,
              44.3419123
            ]
          ]
        ]
      },
      "properties": {
        "id": 163493100,
        "leisure": "park",
        "name": "Manorview Park",
        "source": "Bing"
      }
    },
    {
      "type": "Feature",
      "geometry": {
        "type": "Polygon",
        "coordinates": [
          [
            [
              -78.7516825,
              44.3501477
            ],
            [
              -78.7508535,
              44.3483375
            ],
            [
              -78.7521667,
              44.348024
            ],
            [
              -78.7524794,
              44.3481243
            ],
            [
              -78.7523683,
              44.3482842
            ],
            [
              -78.7522899,
              44.3484575
            ],
            [
              -78.7522828,
              44.3487562
            ],
            [
              -78.752259,
              44.3497988
            ],
            [
              -78.7520949,
              44.3499986
            ],
            [
              -78.7519131,
              44.3500874
            ],
            [
              -78.7516825,
              44.3501477
            ]
          ]
        ]
      },
      "properties": {
        "id": 174709335,
        "leisure": "park",
        "name": "Broad Street Park",
        "source": "Bing"
      }
    },
    {
      "type": "Feature",
      "geometry": {
        "type": "Polygon",
        "coordinates": [
          [
            [
              -78.748583,
              44.3539685
            ],
            [
              -78.7477199,
              44.3541554
            ],
            [
              -78.7475529,
              44.354869
            ],
            [
              -78.7479452,
              44.3547908
            ],
            [
              -78.7488493,
              44.3545942
            ],
            [
              -78.748583,
              44.3539685
            ]
          ]
        ]
      },
      "properties": {
        "id": 77436962,
        "leisure": "park",
        "name": "Kawartha Park",
        "source": "CanVec 6.0 - NRCan"
      }
    },
    {
      "type": "Feature",
      "geometry": {
        "type": "Polygon",
        "coordinates": [
          [
            [
              -78.7634242,
              44.3629834
            ],
            [
              -78.7621448,
              44.3622032
            ],
            [
              -78.7616368,
              44.3627547
            ],
            [
              -78.7617309,
              44.3629744
            ],
            [
              -78.761295,
              44.3630574
            ],
            [
              -78.7613546,
              44.3631852
            ],
            [
              -78.7620258,
              44.3634774
            ],
            [
              -78.762282,
              44.3632072
            ],
            [
              -78.762935,
              44.3635169
            ],
            [
              -78.7634242,
              44.3629834
            ]
          ]
        ]
      },
      "properties": {
        "id": 174710560,
        "leisure": "park",
        "name": "Sylvester Park",
        "source": "Bing"
      }
    },
    {
      "type": "Feature",
      "geometry": {
        "type": "Polygon",
        "coordinates": [
          [
            [
              -78.7496103,
              44.3643788
            ],
            [
              -78.7487371,
              44.3646163
            ],
            [
              -78.7485794,
              44.3642791
            ],
            [
              -78.747755,
              44.3643775
            ],
            [
              -78.7472198,
              44.3649327
            ],
            [
              -78.7473809,
              44.365274
            ],
            [
              -78.7481263,
              44.3653702
            ],
            [
              -78.7484869,
              44.3653737
            ],
            [
              -78.7495077,
              44.3654203
            ],
            [
              -78.7496539,
              44.3653754
            ],
            [
              -78.7498075,
              44.3652674
            ],
            [
              -78.750002,
              44.3652161
            ],
            [
              -78.7499207,
              44.3650976
            ],
            [
              -78.7496103,
              44.3643788
            ]
          ]
        ]
      },
      "properties": {
        "id": 77436977,
        "leisure": "park",
        "name": "Northlin Park",
        "source": "CanVec 6.0 - NRCan"
      }
    },
    {
      "type": "Feature",
      "geometry": {
        "type": "Polygon",
        "coordinates": [
          [
            [
              -78.7542131,
              44.3703699
            ],
            [
              -78.752078,
              44.3708606
            ],
            [
              -78.7523527,
              44.3714835
            ],
            [
              -78.7519435,
              44.3715705
            ],
            [
              -78.7519656,
              44.3716236
            ],
            [
              -78.752376,
              44.3715363
            ],
            [
              -78.7525882,
              44.3720176
            ],
            [
              -78.7527307,
              44.3723416
            ],
            [
              -78.7535485,
              44.3718918
            ],
            [
              -78.753754,
              44.3717854
            ],
            [
              -78.7539807,
              44.3717002
            ],
            [
              -78.7542313,
              44.3716359
            ],
            [
              -78.7544929,
              44.3715785
            ],
            [
              -78.7542781,
              44.3710685
            ],
            [
              -78.7542184,
              44.3704902
            ],
            [
              -78.7546426,
              44.3703926
            ],
            [
              -78.7546157,
              44.3703329
            ],
            [
              -78.7542357,
              44.3704202
            ],
            [
              -78.7542131,
              44.3703699
            ]
          ]
        ]
      },
      "properties": {
        "id": 77469407,
        "leisure": "park",
        "name": "Mayor James Flynn Park",
        "source": "CanVec 6.0 - NRCan"
      }
    },
    {
      "type": "Feature",
      "geometry": {
        "type": "Polygon",
        "coordinates": [
          [
            [
              -78.7538038,
              44.3600971
            ],
            [
              -78.7532847,
              44.3602173
            ],
            [
              -78.753544,
              44.3607826
            ],
            [
              -78.7534414,
              44.3608079
            ],
            [
              -78.7533804,
              44.3608229
            ],
            [
              -78.7531411,
              44.3608819
            ],
            [
              -78.7529216,
              44.3609361
            ],
            [
              -78.7531314,
              44.3614736
            ],
            [
              -78.753633,
              44.3613724
            ],
            [
              -78.7536785,
              44.3614754
            ],
            [
              -78.7542306,
              44.3626146
            ],
            [
              -78.7528637,
              44.3629768
            ],
            [
              -78.7531062,
              44.3634321
            ],
            [
              -78.7541581,
              44.3631166
            ],
            [
              -78.7562032,
              44.3626124
            ],
            [
              -78.7551296,
              44.3603903
            ],
            [
              -78.7540697,
              44.3606494
            ],
            [
              -78.7538038,
              44.3600971
            ]
          ]
        ]
      },
      "properties": {
        "id": 77469926,
        "leisure": "park",
        "name": "Elgin Park"
      }
    },
    {
      "type": "Feature",
      "geometry": {
        "type": "Polygon",
        "coordinates": [
          [
            [
              -78.7572812,
              44.3697983
            ],
            [
              -78.7570465,
              44.3698553
            ],
            [
              -78.7572188,
              44.3702181
            ],
            [
              -78.7568588,
              44.3703056
            ],
            [
              -78.7571831,
              44.3709883
            ],
            [
              -78.7582818,
              44.3707473
            ],
            [
              -78.7589974,
              44.3705903
            ],
            [
              -78.7586646,
              44.3698671
            ],
            [
              -78.7574536,
              44.3701611
            ],
            [
              -78.7572812,
              44.3697983
            ]
          ]
        ]
      },
      "properties": {
        "id": 77469755,
        "leisure": "park",
        "name": "Orchard Park",
        "source": "CanVec 6.0 - NRCan"
      }
    },
    {
      "type": "Feature",
      "geometry": {
        "type": "Polygon",
        "coordinates": [
          [
            [
              -78.7329412,
              44.3328584
            ],
            [
              -78.7308169,
              44.3278852
            ],
            [
              -78.7394214,
              44.3258283
            ],
            [
              -78.7406874,
              44.3284839
            ],
            [
              -78.7388517,
              44.3289037
            ],
            [
              -78.7378013,
              44.3291439
            ],
            [
              -78.7389064,
              44.3315077
            ],
            [
              -78.7329412,
              44.3328584
            ]
          ]
        ]
      },
      "properties": {
        "id": 764587842,
        "landuse": "recreation_ground",
        "name": "Lindsay Fairgrounds"
      }
    },
    {
      "type": "Feature",
      "geometry": {
        "type": "Polygon",
        "coordinates": [
          [
            [
              -78.7317383,
              44.3420609
            ],
            [
              -78.7312659,
              44.342172
            ],
            [
              -78.73006,
              44.342472
            ],
            [
              -78.7295724,
              44.3429173
            ],
            [
              -78.7293588,
              44.3432818
            ],
            [
              -78.7301745,
              44.3452102
            ],
            [
              -78.7312041,
              44.3449916
            ],
            [
              -78.7328636,
              44.3446195
            ],
            [
              -78.7328017,
              44.3444796
            ],
            [
              -78.731826,
              44.342274
            ],
            [
              -78.7317785,
              44.3421586
            ],
            [
              -78.7317383,
              44.3420609
            ]
          ]
        ]
      },
      "properties": {
        "id": 77436899,
        "addr:city": "Kawartha Lakes",
        "addr:housenumber": "215",
        "addr:province": "ON",
        "addr:street": "Lindsay Street South",
        "leisure": "park",
        "name": "Lindsay Memorial Park",
        "operator": "City of Kawartha Lakes",
        "source": "CanVec 6.0 - NRCan"
      }
    },
    {
      "type": "Feature",
      "geometry": {
        "type": "Polygon",
        "coordinates": [
          [
            [
              -78.7262958,
              44.3425291
            ],
            [
              -78.726656,
              44.3415375
            ],
            [
              -78.7262433,
              44.3416734
            ],
            [
              -78.7259099,
              44.3419148
            ],
            [
              -78.725691,
              44.3422021
            ],
            [
              -78.7255869,
              44.3424996
            ],
            [
              -78.7255839,
              44.3432772
            ],
            [
              -78.7256803,
              44.3445364
            ],
            [
              -78.727161,
              44.3442101
            ],
            [
              -78.7274639,
              44.3436152
            ],
            [
              -78.7275407,
              44.3432651
            ],
            [
              -78.7275425,
              44.3429465
            ],
            [
              -78.7276369,
              44.342705
            ],
            [
              -78.7278862,
              44.3424915
            ],
            [
              -78.7286022,
              44.3422604
            ],
            [
              -78.7280835,
              44.3412457
            ],
            [
              -78.7272497,
              44.3414154
            ],
            [
              -78.7275141,
              44.3423158
            ],
            [
              -78.7269009,
              44.3424257
            ],
            [
              -78.7262958,
              44.3425291
            ]
          ]
        ]
      },
      "properties": {
        "id": 218389629,
        "alt_name": "Lilac Gardens of Lindsay",
        "leisure": "park",
        "name": "Logie Park"
      }
    },
    {
      "type": "Feature",
      "geometry": {
        "type": "Polygon",
        "coordinates": [
          [
            [
              -78.7333234,
              44.3469477
            ],
            [
              -78.7320913,
              44.3472269
            ],
            [
              -78.7322413,
              44.3477563
            ],
            [
              -78.7323353,
              44.3479902
            ],
            [
              -78.7325178,
              44.3484514
            ],
            [
              -78.7345224,
              44.3480132
            ],
            [
              -78.7349663,
              44.3479296
            ],
            [
              -78.7346404,
              44.3471674
            ],
            [
              -78.7345212,
              44.3471947
            ],
            [
              -78.7335459,
              44.3474178
            ],
            [
              -78.7333234,
              44.3469477
            ]
          ]
        ]
      },
      "properties": {
        "id": 77437243,
        "leisure": "park",
        "name": "George Street Park",
        "source": "CanVec 6.0 - NRCan"
      }
    },
    {
      "type": "Feature",
      "geometry": {
        "type": "Polygon",
        "coordinates": [
          [
            [
              -78.7423408,
              44.3551451
            ],
            [
              -78.7415759,
              44.3553232
            ],
            [
              -78.7410644,
              44.3541902
            ],
            [
              -78.7418187,
              44.3540197
            ],
            [
              -78.7423408,
              44.3551451
            ]
          ]
        ]
      },
      "properties": {
        "id": 163507257,
        "leisure": "park",
        "name": "Victoria Park",
        "source": "Bing"
      }
    },
    {
      "type": "Feature",
      "geometry": {
        "type": "Polygon",
        "coordinates": [
          [
            [
              -78.7313925,
              44.3568651
            ],
            [
              -78.7314648,
              44.3570595
            ],
            [
              -78.7312158,
              44.3571122
            ],
            [
              -78.7312348,
              44.3571581
            ],
            [
              -78.7310015,
              44.3572073
            ],
            [
              -78.7311125,
              44.3574465
            ],
            [
              -78.7320728,
              44.3572426
            ],
            [
              -78.7321312,
              44.3573724
            ],
            [
              -78.7326046,
              44.3572673
            ],
            [
              -78.7333215,
              44.3571157
            ],
            [
              -78.7334855,
              44.357081
            ],
            [
              -78.733885,
              44.3568757
            ],
            [
              -78.7338243,
              44.3567349
            ],
            [
              -78.734174,
              44.3566731
            ],
            [
              -78.7342979,
              44.3567096
            ],
            [
              -78.7352031,
              44.3565845
            ],
            [
              -78.7351648,
              44.3564998
            ],
            [
              -78.735044,
              44.3564975
            ],
            [
              -78.7345774,
              44.3564886
            ],
            [
              -78.734503,
              44.3565116
            ],
            [
              -78.7344048,
              44.3565326
            ],
            [
              -78.7343892,
              44.3564949
            ],
            [
              -78.7342283,
              44.3565313
            ],
            [
              -78.7340808,
              44.3562266
            ],
            [
              -78.7313925,
              44.3568651
            ]
          ]
        ]
      },
      "properties": {
        "id": 218505710,
        "leisure": "park",
        "name": "Old Mill Park"
      }
    },
    {
      "type": "Feature",
      "geometry": {
        "type": "Polygon",
        "coordinates": [
          [
            [
              -78.7356424,
              44.3569106
            ],
            [
              -78.735451,
              44.3569049
            ],
            [
              -78.7355586,
              44.3571378
            ],
            [
              -78.735852,
              44.3571048
            ],
            [
              -78.7360077,
              44.3573103
            ],
            [
              -78.7361698,
              44.3573512
            ],
            [
              -78.7363707,
              44.3574508
            ],
            [
              -78.7365882,
              44.3575457
            ],
            [
              -78.7367295,
              44.3577159
            ],
            [
              -78.7367905,
              44.3577983
            ],
            [
              -78.7370726,
              44.3577333
            ],
            [
              -78.7368662,
              44.3575252
            ],
            [
              -78.7362927,
              44.3570651
            ],
            [
              -78.7359806,
              44.3569776
            ],
            [
              -78.7356424,
              44.3569106
            ]
          ]
        ]
      },
      "properties": {
        "id": 77438434,
        "leisure": "park",
        "name": "McDonnell Park East",
        "source": "CanVec 6.0 - NRCan"
      }
    },
    {
      "type": "Feature",
      "geometry": {
        "type": "Polygon",
        "coordinates": [
          [
            [
              -78.7351662,
              44.3562313
            ],
            [
              -78.7350831,
              44.3562989
            ],
            [
              -78.7352154,
              44.356392
            ],
            [
              -78.7352957,
              44.3565867
            ],
            [
              -78.7356356,
              44.3565777
            ],
            [
              -78.7359129,
              44.3566279
            ],
            [
              -78.7361759,
              44.3566896
            ],
            [
              -78.7366278,
              44.3569821
            ],
            [
              -78.7372308,
              44.3575236
            ],
            [
              -78.7372908,
              44.3575882
            ],
            [
              -78.7376403,
              44.3575132
            ],
            [
              -78.7374855,
              44.357314
            ],
            [
              -78.7373994,
              44.3572251
            ],
            [
              -78.7372703,
              44.3569949
            ],
            [
              -78.7370349,
              44.3568994
            ],
            [
              -78.7368857,
              44.3568433
            ],
            [
              -78.7368036,
              44.3567571
            ],
            [
              -78.7366003,
              44.3566152
            ],
            [
              -78.7363047,
              44.3564886
            ],
            [
              -78.7359399,
              44.3564675
            ],
            [
              -78.7358411,
              44.3563607
            ],
            [
              -78.7355464,
              44.3562467
            ],
            [
              -78.7351662,
              44.3562313
            ]
          ]
        ]
      },
      "properties": {
        "id": 218393095,
        "leisure": "park",
        "name": "McDonnell Park West"
      }
    },
    {
      "type": "Feature",
      "geometry": {
        "type": "Polygon",
        "coordinates": [
          [
            [
              -78.7253669,
              44.3492802
            ],
            [
              -78.7252636,
              44.3494818
            ],
            [
              -78.7252318,
              44.3497036
            ],
            [
              -78.7251665,
              44.3498827
            ],
            [
              -78.7249585,
              44.350035
            ],
            [
              -78.7247906,
              44.3504957
            ],
            [
              -78.724908,
              44.3504175
            ],
            [
              -78.7249645,
              44.3502276
            ],
            [
              -78.7250225,
              44.3501382
            ],
            [
              -78.7251518,
              44.3500622
            ],
            [
              -78.7252608,
              44.3501465
            ],
            [
              -78.7252875,
              44.350352
            ],
            [
              -78.7251674,
              44.3507554
            ],
            [
              -78.7250546,
              44.3507976
            ],
            [
              -78.7250057,
              44.3508159
            ],
            [
              -78.724777,
              44.3508007
            ],
            [
              -78.7246921,
              44.3508654
            ],
            [
              -78.7246802,
              44.3512861
            ],
            [
              -78.7245182,
              44.3515415
            ],
            [
              -78.7243872,
              44.3517415
            ],
            [
              -78.724356,
              44.3518773
            ],
            [
              -78.7256274,
              44.3517362
            ],
            [
              -78.7262748,
              44.3516416
            ],
            [
              -78.725638,
              44.3500835
            ],
            [
              -78.7253669,
              44.3492802
            ]
          ]
        ]
      },
      "properties": {
        "id": 77437141,
        "addr:city": "Kawartha Lakes",
        "addr:housenumber": "49",
        "addr:province": "ON",
        "addr:street": "Durham Street East",
        "leisure": "park",
        "name": "Nayoro Park",
        "source": "CanVec 6.0 - NRCan"
      }
    },
    {
      "type": "Feature",
      "geometry": {
        "type": "Polygon",
        "coordinates": [
          [
            [
              -78.7233711,
              44.3581342
            ],
            [
              -78.723234,
              44.3578449
            ],
            [
              -78.724121,
              44.3576295
            ],
            [
              -78.7244837,
              44.3578525
            ],
            [
              -78.7233711,
              44.3581342
            ]
          ]
        ]
      },
      "properties": {
        "id": 176731331,
        "leisure": "park",
        "name": "Maryknoll Park",
        "source": "Bing"
      }
    },
    {
      "type": "Feature",
      "geometry": {
        "type": "Polygon",
        "coordinates": [
          [
            [
              -78.7252672,
              44.3524391
            ],
            [
              -78.725182,
              44.3522161
            ],
            [
              -78.725411,
              44.3521104
            ],
            [
              -78.7263568,
              44.3518641
            ],
            [
              -78.7262748,
              44.3516416
            ],
            [
              -78.7256274,
              44.3517362
            ],
            [
              -78.724356,
              44.3518773
            ],
            [
              -78.724293,
              44.3518605
            ],
            [
              -78.7242335,
              44.3524418
            ],
            [
              -78.7240299,
              44.353871
            ],
            [
              -78.7242119,
              44.3538596
            ],
            [
              -78.7243749,
              44.3538761
            ],
            [
              -78.7244447,
              44.353795
            ],
            [
              -78.7256955,
              44.3534746
            ],
            [
              -78.7252672,
              44.3524391
            ]
          ]
        ]
      },
      "properties": {
        "id": 764604057,
        "leisure": "park",
        "name": "Lions Riverview Park",
        "source": "CanVec 6.0 - NRCan"
      }
    },
    {
      "type": "Feature",
      "geometry": {
        "type": "Polygon",
        "coordinates": [
          [
            [
              -78.7381866,
              44.3606716
            ],
            [
              -78.738606,
              44.3609071
            ],
            [
              -78.7384796,
              44.361028
            ],
            [
              -78.7383979,
              44.3611248
            ],
            [
              -78.7383695,
              44.3614177
            ],
            [
              -78.7382827,
              44.3640699
            ],
            [
              -78.7384182,
              44.3647641
            ],
            [
              -78.7384384,
              44.3648675
            ],
            [
              -78.7384169,
              44.3653202
            ],
            [
              -78.7382768,
              44.3653573
            ],
            [
              -78.7382069,
              44.3654445
            ],
            [
              -78.7383105,
              44.3658923
            ],
            [
              -78.7382453,
              44.3660714
            ],
            [
              -78.7381366,
              44.3661604
            ],
            [
              -78.7380532,
              44.3663544
            ],
            [
              -78.7380798,
              44.3666522
            ],
            [
              -78.7380671,
              44.3667001
            ],
            [
              -78.7380297,
              44.3667328
            ],
            [
              -78.7379829,
              44.3662683
            ],
            [
              -78.7380659,
              44.3659011
            ],
            [
              -78.7380105,
              44.3652163
            ],
            [
              -78.7377209,
              44.3644419
            ],
            [
              -78.7375975,
              44.3635256
            ],
            [
              -78.73759,
              44.3630229
            ],
            [
              -78.7377134,
              44.3625448
            ],
            [
              -78.7379191,
              44.3619454
            ],
            [
              -78.7379266,
              44.361646
            ],
            [
              -78.7380529,
              44.3613689
            ],
            [
              -78.7380765,
              44.3609905
            ],
            [
              -78.7381866,
              44.3606716
            ]
          ]
        ]
      },
      "properties": {
        "id": 218506402,
        "leisure": "park",
        "name": "Carew Park"
      }
    },
    {
      "type": "Feature",
      "geometry": {
        "type": "Polygon",
        "coordinates": [
          [
            [
              -78.7373479,
              44.3617077
            ],
            [
              -78.7373992,
              44.3617286
            ],
            [
              -78.7374259,
              44.3617517
            ],
            [
              -78.7374453,
              44.3618022
            ],
            [
              -78.7373039,
              44.3621533
            ],
            [
              -78.7373079,
              44.3623508
            ],
            [
              -78.7372415,
              44.3623951
            ],
            [
              -78.7372473,
              44.3626576
            ],
            [
              -78.7371854,
              44.3626989
            ],
            [
              -78.7371797,
              44.3632624
            ],
            [
              -78.7370653,
              44.3632668
            ],
            [
              -78.7370672,
              44.3633098
            ],
            [
              -78.7370689,
              44.3633599
            ],
            [
              -78.7371943,
              44.3633571
            ],
            [
              -78.7371959,
              44.3635838
            ],
            [
              -78.7371912,
              44.3639673
            ],
            [
              -78.7372074,
              44.3644915
            ],
            [
              -78.7373059,
              44.3648836
            ],
            [
              -78.7365483,
              44.3650789
            ],
            [
              -78.7366043,
              44.36395
            ],
            [
              -78.7359784,
              44.3641334
            ],
            [
              -78.7359109,
              44.3638655
            ],
            [
              -78.7358386,
              44.3637153
            ],
            [
              -78.7365321,
              44.3635901
            ],
            [
              -78.7366872,
              44.3617477
            ],
            [
              -78.7373479,
              44.3617077
            ]
          ]
        ]
      },
      "properties": {
        "id": 764606304,
        "leisure": "park",
        "name": "Riveria Park",
        "source": "CanVec 6.0 - NRCan"
      }
    },
    {
      "type": "Feature",
      "geometry": {
        "type": "Polygon",
        "coordinates": [
          [
            [
              -78.731131,
              44.3596222
            ],
            [
              -78.7293424,
              44.3600202
            ],
            [
              -78.7295365,
              44.3604959
            ],
            [
              -78.7310406,
              44.3601795
            ],
            [
              -78.7309833,
              44.3600403
            ],
            [
              -78.7312745,
              44.359979
            ],
            [
              -78.731131,
              44.3596222
            ]
          ]
        ]
      },
      "properties": {
        "id": 77437893,
        "leisure": "park",
        "name": "Kinsmen Park",
        "source": "CanVec 6.0 - NRCan"
      }
    },
    {
      "type": "Feature",
      "geometry": {
        "type": "Polygon",
        "coordinates": [
          [
            [
              -78.7222436,
              44.3629435
            ],
            [
              -78.7220824,
              44.362983
            ],
            [
              -78.7222172,
              44.3633618
            ],
            [
              -78.7213415,
              44.3635446
            ],
            [
              -78.7214465,
              44.3637717
            ],
            [
              -78.720684,
              44.3639749
            ],
            [
              -78.7211991,
              44.3651194
            ],
            [
              -78.7219602,
              44.3649318
            ],
            [
              -78.72159,
              44.3641609
            ],
            [
              -78.7226482,
              44.3638962
            ],
            [
              -78.7224232,
              44.3633516
            ],
            [
              -78.7222436,
              44.3629435
            ]
          ]
        ]
      },
      "properties": {
        "id": 77437628,
        "leisure": "park",
        "name": "Wilfred Hogan Park",
        "source": "CanVec 6.0 - NRCan"
      }
    },
    {
      "type": "Feature",
      "geometry": {
        "type": "Polygon",
        "coordinates": [
          [
            [
              -78.7157694,
              44.3529796
            ],
            [
              -78.7161391,
              44.3528862
            ],
            [
              -78.7162243,
              44.3529558
            ],
            [
              -78.7163252,
              44.3529879
            ],
            [
              -78.7164551,
              44.3529915
            ],
            [
              -78.7166156,
              44.3529536
            ],
            [
              -78.7167418,
              44.3532271
            ],
            [
              -78.7170966,
              44.3531434
            ],
            [
              -78.7174692,
              44.3539511
            ],
            [
              -78.7163863,
              44.3541998
            ],
            [
              -78.7157694,
              44.3529796
            ]
          ]
        ]
      },
      "properties": {
        "id": 764606323,
        "leisure": "park",
        "name": "Marlene James Park"
      }
    },
    {
      "type": "Feature",
      "geometry": {
        "type": "Polygon",
        "coordinates": [
          [
            [
              -78.7526196,
              44.3754936
            ],
            [
              -78.7523716,
              44.3756055
            ],
            [
              -78.7521283,
              44.375734
            ],
            [
              -78.751333,
              44.3761853
            ],
            [
              -78.751513,
              44.3766119
            ],
            [
              -78.7523711,
              44.3769527
            ],
            [
              -78.7526206,
              44.3768976
            ],
            [
              -78.7527687,
              44.3772419
            ],
            [
              -78.7529409,
              44.377204
            ],
            [
              -78.7527928,
              44.3768597
            ],
            [
              -78.753268,
              44.3767549
            ],
            [
              -78.7528324,
              44.3757455
            ],
            [
              -78.7526196,
              44.3754936
            ]
          ]
        ]
      },
      "properties": {
        "id": 77461003,
        "leisure": "park",
        "name": "Springdale Gardens Park",
        "source": "CanVec 6.0 - NRCan"
      }
    },
    {
      "type": "Feature",
      "geometry": {
        "type": "Polygon",
        "coordinates": [
          [
            [
              -78.7417382,
              44.3714717
            ],
            [
              -78.7435401,
              44.3750059
            ],
            [
              -78.7426083,
              44.3754244
            ],
            [
              -78.7415891,
              44.3755814
            ],
            [
              -78.7408214,
              44.3752597
            ],
            [
              -78.7402402,
              44.3736099
            ],
            [
              -78.7402907,
              44.3726073
            ],
            [
              -78.7405768,
              44.3719145
            ],
            [
              -78.7417382,
              44.3714717
            ]
          ]
        ]
      },
      "properties": {
        "id": 218019404,
        "leisure": "park",
        "name": "Pioneer Park"
      }
    },
    {
      "type": "Feature",
      "geometry": {
        "type": "Polygon",
        "coordinates": [
          [
            [
              -78.8444149,
              44.5682365
            ],
            [
              -78.8439084,
              44.5682611
            ],
            [
              -78.8434966,
              44.5686223
            ],
            [
              -78.8433164,
              44.5686618
            ],
            [
              -78.8432667,
              44.5687985
            ],
            [
              -78.843659,
              44.5688075
            ],
            [
              -78.8437089,
              44.5688806
            ],
            [
              -78.8436775,
              44.5690024
            ],
            [
              -78.8433919,
              44.5690862
            ],
            [
              -78.8433471,
              44.569315
            ],
            [
              -78.8441912,
              44.569344
            ],
            [
              -78.8447695,
              44.5690865
            ],
            [
              -78.844886,
              44.5688711
            ],
            [
              -78.8448366,
              44.5685154
            ],
            [
              -78.8446862,
              44.5683324
            ],
            [
              -78.8444149,
              44.5682365
            ]
          ]
        ]
      },
      "properties": {
        "id": 56678378,
        "attribution": "Natural Resources Canada",
        "canvec:CODE": "1490032",
        "canvec:UUID": "fa42cc19782b4b7a98e63c865fbb9ece",
        "coastal": "no",
        "name": "Greeny Island",
        "natural": "wood",
        "place": "islet",
        "source": "CanVec_Import_2009",
        "wikidata": "Q22438534"
      }
    },
    {
      "type": "Feature",
      "geometry": {
        "type": "Polygon",
        "coordinates": [
          [
            [
              -78.779353,
              44.5746613
            ],
            [
              -78.7794523,
              44.574844
            ],
            [
              -78.7793801,
              44.574867
            ],
            [
              -78.7787784,
              44.5744174
            ],
            [
              -78.7782432,
              44.574345
            ],
            [
              -78.7776619,
              44.5741546
            ],
            [
              -78.7773564,
              44.5741524
            ],
            [
              -78.7729864,
              44.5768954
            ],
            [
              -78.7717837,
              44.577848
            ],
            [
              -78.770714,
              44.5789257
            ],
            [
              -78.7703617,
              44.5790515
            ],
            [
              -78.7701674,
              44.5792343
            ],
            [
              -78.7699123,
              44.5792688
            ],
            [
              -78.7698879,
              44.5790909
            ],
            [
              -78.7703186,
              44.5787151
            ],
            [
              -78.7702261,
              44.5786887
            ],
            [
              -78.769399,
              44.5791366
            ],
            [
              -78.769281,
              44.5794248
            ],
            [
              -78.769677,
              44.5795989
            ],
            [
              -78.7697092,
              44.5798604
            ],
            [
              -78.7688446,
              44.5799911
            ],
            [
              -78.7681047,
              44.57999
            ],
            [
              -78.767848,
              44.5799239
            ],
            [
              -78.7674137,
              44.5795053
            ],
            [
              -78.7674968,
              44.5793475
            ],
            [
              -78.7686851,
              44.5779453
            ],
            [
              -78.7701933,
              44.5767852
            ],
            [
              -78.7703315,
              44.5763366
            ],
            [
              -78.7705487,
              44.5760214
            ],
            [
              -78.7706183,
              44.5759705
            ],
            [
              -78.7708786,
              44.5759916
            ],
            [
              -78.7709965,
              44.5759133
            ],
            [
              -78.7710568,
              44.5752586
            ],
            [
              -78.7710001,
              44.5750291
            ],
            [
              -78.7704484,
              44.5744428
            ],
            [
              -78.7682669,
              44.5732515
            ],
            [
              -78.7674692,
              44.5726383
            ],
            [
              -78.7671308,
              44.5720636
            ],
            [
              -78.7670882,
              44.571481
            ],
            [
              -78.7671635,
              44.5714494
            ],
            [
              -78.7674809,
              44.5718735
            ],
            [
              -78.7677438,
              44.5719225
            ],
            [
              -78.7679064,
              44.5716518
            ],
            [
              -78.7686571,
              44.5713083
            ],
            [
              -78.7691552,
              44.571237
            ],
            [
              -78.7692337,
              44.5709871
            ],
            [
              -78.7693874,
              44.5709154
            ],
            [
              -78.7703786,
              44.5709269
            ],
            [
              -78.7773212,
              44.5718869
            ],
            [
              -78.7774916,
              44.5717973
            ],
            [
              -78.77761,
              44.5718135
            ],
            [
              -78.7782605,
              44.5719028
            ],
            [
              -78.7787439,
              44.5719691
            ],
            [
              -78.7788708,
              44.5720994
            ],
            [
              -78.7853732,
              44.5729552
            ],
            [
              -78.7859592,
              44.5730278
            ],
            [
              -78.785938,
              44.573261
            ],
            [
              -78.7854675,
              44.5737116
            ],
            [
              -78.7849704,
              44.57392
            ],
            [
              -78.7849234,
              44.5739312
            ],
            [
              -78.7837683,
              44.5742069
            ],
            [
              -78.7826508,
              44.5742267
            ],
            [
              -78.7825796,
              44.574177
            ],
            [
              -78.782859,
              44.5739006
            ],
            [
              -78.7828221,
              44.5737569
            ],
            [
              -78.7823415,
              44.57364
            ],
            [
              -78.7814043,
              44.5736205
            ],
            [
              -78.7807301,
              44.5738597
            ],
            [
              -78.780169,
              44.5739285
            ],
            [
              -78.7796096,
              44.5745175
            ],
            [
              -78.779353,
              44.5746613
            ]
          ]
        ]
      },
      "properties": {
        "id": 56679344,
        "attribution": "Natural Resources Canada",
        "canvec:CODE": "1490032",
        "canvec:UUID": "2f0815e650844998998daa6bbf26f2cb",
        "coastal": "no",
        "name": "Dewey's Island",
        "natural": "wood",
        "place": "island",
        "source": "CanVec_Import_2009",
        "wikidata": "Q22627038"
      }
    },
    {
      "type": "Feature",
      "geometry": {
        "type": "Polygon",
        "coordinates": [
          [
            [
              -78.7776595,
              44.5751758
            ],
            [
              -78.7769134,
              44.5751918
            ],
            [
              -78.7765363,
              44.575386
            ],
            [
              -78.7760443,
              44.5758599
            ],
            [
              -78.7760345,
              44.5761317
            ],
            [
              -78.7761878,
              44.5763063
            ],
            [
              -78.7765713,
              44.5765146
            ],
            [
              -78.7767277,
              44.5768903
            ],
            [
              -78.7770738,
              44.5772011
            ],
            [
              -78.7773279,
              44.5772393
            ],
            [
              -78.7776691,
              44.5768286
            ],
            [
              -78.7778447,
              44.5766971
            ],
            [
              -78.7782863,
              44.5763963
            ],
            [
              -78.7786181,
              44.5755916
            ],
            [
              -78.7785568,
              44.5754798
            ],
            [
              -78.7781728,
              44.5753079
            ],
            [
              -78.7776595,
              44.5751758
            ]
          ]
        ]
      },
      "properties": {
        "id": 56677913,
        "attribution": "Natural Resources Canada",
        "canvec:CODE": "1480272",
        "canvec:UUID": "5f903bb619bf4f9d921258039cd4c883",
        "name": "Pennington's Island",
        "natural": "wood",
        "source": "CanVec_Import_2009"
      }
    },
    {
      "type": "Feature",
      "geometry": {
        "type": "Polygon",
        "coordinates": [
          [
            [
              -78.7767892,
              44.5776315
            ],
            [
              -78.7772848,
              44.5777422
            ],
            [
              -78.7777618,
              44.5776942
            ],
            [
              -78.7781109,
              44.5777866
            ],
            [
              -78.7778715,
              44.5779883
            ],
            [
              -78.7775208,
              44.578005
            ],
            [
              -78.7771535,
              44.5783471
            ],
            [
              -78.7769664,
              44.5782301
            ],
            [
              -78.7768344,
              44.5780322
            ],
            [
              -78.7767892,
              44.5776315
            ]
          ]
        ]
      },
      "properties": {
        "id": 56679423,
        "attribution": "Natural Resources Canada",
        "canvec:CODE": "1240022",
        "canvec:UUID": "4da24e5b33374d4bac5ebe939ff6deee",
        "name": "Cameron Lake Island A",
        "natural": "wood",
        "source": "CanVec_Import_2009"
      }
    },
    {
      "type": "Feature",
      "geometry": {
        "type": "Polygon",
        "coordinates": [
          [
            [
              -78.7588046,
              44.5685491
            ],
            [
              -78.758577,
              44.5689628
            ],
            [
              -78.7580107,
              44.5691855
            ],
            [
              -78.7579748,
              44.5691788
            ],
            [
              -78.7580736,
              44.5689783
            ],
            [
              -78.758362,
              44.5687128
            ],
            [
              -78.7586248,
              44.5685521
            ],
            [
              -78.7588046,
              44.5685491
            ]
          ]
        ]
      },
      "properties": {
        "id": 56676958,
        "coastal": "no",
        "name": "Rathbun Island",
        "natural": "wood",
        "place": "islet",
        "source": "CanVec_Import_2009",
        "wikidata": "Q22659961"
      }
    },
    {
      "type": "Feature",
      "geometry": {
        "type": "Polygon",
        "coordinates": [
          [
            [
              -78.7561684,
              44.5718886
            ],
            [
              -78.7563099,
              44.5712217
            ],
            [
              -78.7562617,
              44.5710393
            ],
            [
              -78.7564903,
              44.5707627
            ],
            [
              -78.7566877,
              44.5707813
            ],
            [
              -78.7566414,
              44.5710828
            ],
            [
              -78.7568938,
              44.5714401
            ],
            [
              -78.7568906,
              44.5716584
            ],
            [
              -78.756784,
              44.5719852
            ],
            [
              -78.7564727,
              44.5723832
            ],
            [
              -78.7562371,
              44.5733427
            ],
            [
              -78.7561569,
              44.5722696
            ],
            [
              -78.7562458,
              44.5721311
            ],
            [
              -78.7561684,
              44.5718886
            ]
          ]
        ]
      },
      "properties": {
        "id": 56678329,
        "attribution": "Natural Resources Canada",
        "coastal": "no",
        "name": "Boyd Island",
        "natural": "wood",
        "place": "islet",
        "source": "CanVec_Import_2009",
        "wikidata": "Q22582074"
      }
    },
    {
      "type": "Feature",
      "geometry": {
        "type": "Polygon",
        "coordinates": [
          [
            [
              -78.7427527,
              44.5318192
            ],
            [
              -78.7421894,
              44.5315867
            ],
            [
              -78.7426132,
              44.5308946
            ],
            [
              -78.7434393,
              44.5306536
            ],
            [
              -78.7433159,
              44.5298964
            ],
            [
              -78.7454074,
              44.5301719
            ],
            [
              -78.7465054,
              44.5305868
            ],
            [
              -78.7471672,
              44.5307383
            ],
            [
              -78.7473661,
              44.531036
            ],
            [
              -78.7470979,
              44.5316594
            ],
            [
              -78.7457557,
              44.5319513
            ],
            [
              -78.7440237,
              44.5323279
            ],
            [
              -78.7443412,
              44.5332653
            ],
            [
              -78.7436093,
              44.5333839
            ],
            [
              -78.7419502,
              44.5336667
            ],
            [
              -78.741732,
              44.5330985
            ],
            [
              -78.7416823,
              44.532969
            ],
            [
              -78.7420222,
              44.5327801
            ],
            [
              -78.7428983,
              44.5322933
            ],
            [
              -78.7427527,
              44.5318192
            ]
          ]
        ]
      },
      "properties": {
        "id": 56679370,
        "leisure": "park",
        "name": "Fenelon Falls Fairground"
      }
    },
    {
      "type": "Feature",
      "geometry": {
        "type": "Polygon",
        "coordinates": [
          [
            [
              -78.7402536,
              44.5366698
            ],
            [
              -78.7410929,
              44.5370483
            ],
            [
              -78.7414423,
              44.537212
            ],
            [
              -78.7414513,
              44.5372312
            ],
            [
              -78.7415241,
              44.5373296
            ],
            [
              -78.7419295,
              44.537877
            ],
            [
              -78.7419542,
              44.5382282
            ],
            [
              -78.7422178,
              44.5386991
            ],
            [
              -78.7420451,
              44.5399692
            ],
            [
              -78.74195,
              44.5401247
            ],
            [
              -78.7415824,
              44.5402932
            ],
            [
              -78.7414277,
              44.5402278
            ],
            [
              -78.7414607,
              44.5400599
            ],
            [
              -78.7414643,
              44.5389758
            ],
            [
              -78.7411793,
              44.538781
            ],
            [
              -78.7412614,
              44.5381581
            ],
            [
              -78.7414874,
              44.537621
            ],
            [
              -78.7401906,
              44.536877
            ],
            [
              -78.7402536,
              44.5366698
            ]
          ]
        ]
      },
      "properties": {
        "id": 59127594,
        "leisure": "park",
        "name": "Fenelon Beach",
        "source": "CanVec_Import_2009"
      }
    },
    {
      "type": "Feature",
      "geometry": {
        "type": "Polygon",
        "coordinates": [
          [
            [
              -78.8061537,
              44.5850731
            ],
            [
              -78.8059442,
              44.5850484
            ],
            [
              -78.8057497,
              44.5850962
            ],
            [
              -78.8053775,
              44.5852793
            ],
            [
              -78.8048653,
              44.5856802
            ],
            [
              -78.8039755,
              44.5861815
            ],
            [
              -78.8035329,
              44.5863763
            ],
            [
              -78.8030755,
              44.5866879
            ],
            [
              -78.8026732,
              44.5871862
            ],
            [
              -78.8024097,
              44.5872982
            ],
            [
              -78.8022488,
              44.5874169
            ],
            [
              -78.801999,
              44.5874801
            ],
            [
              -78.801596,
              44.5874545
            ],
            [
              -78.8015615,
              44.5874694
            ],
            [
              -78.8015534,
              44.5874933
            ],
            [
              -78.8015721,
              44.5875201
            ],
            [
              -78.8024292,
              44.5877002
            ],
            [
              -78.8031249,
              44.5876289
            ],
            [
              -78.803802,
              44.587301
            ],
            [
              -78.8042034,
              44.5869401
            ],
            [
              -78.8043919,
              44.586629
            ],
            [
              -78.8052721,
              44.5859013
            ],
            [
              -78.8059737,
              44.5855489
            ],
            [
              -78.8062391,
              44.5853043
            ],
            [
              -78.8062433,
              44.5851716
            ],
            [
              -78.8061537,
              44.5850731
            ]
          ]
        ]
      },
      "properties": {
        "id": 56679648,
        "attribution": "Natural Resources Canada",
        "canvec:CODE": "1490032",
        "coastal": "no",
        "name": "Delamere Island",
        "natural": "wood",
        "place": "islet",
        "source": "CanVec_Import_2009",
        "wikidata": "Q22620051"
      }
    },
    {
      "type": "Feature",
      "geometry": {
        "type": "Polygon",
        "coordinates": [
          [
            [
              -78.8125393,
              44.6023667
            ],
            [
              -78.8132237,
              44.602313
            ],
            [
              -78.8137561,
              44.6023727
            ],
            [
              -78.8140224,
              44.6023465
            ],
            [
              -78.8142786,
              44.6022003
            ],
            [
              -78.8144441,
              44.6019664
            ],
            [
              -78.8146318,
              44.6011872
            ],
            [
              -78.8147515,
              44.6010145
            ],
            [
              -78.8153748,
              44.6004204
            ],
            [
              -78.8155084,
              44.6001484
            ],
            [
              -78.8156047,
              44.5996799
            ],
            [
              -78.8156564,
              44.5996011
            ],
            [
              -78.8164664,
              44.5987579
            ],
            [
              -78.8164664,
              44.5986939
            ],
            [
              -78.816414,
              44.5986615
            ],
            [
              -78.816052,
              44.5986748
            ],
            [
              -78.8159635,
              44.5987073
            ],
            [
              -78.8158899,
              44.5988074
            ],
            [
              -78.815812,
              44.5988525
            ],
            [
              -78.8151277,
              44.59904
            ],
            [
              -78.814381,
              44.5993287
            ],
            [
              -78.8142563,
              44.5993433
            ],
            [
              -78.8141088,
              44.5993204
            ],
            [
              -78.8138218,
              44.5993719
            ],
            [
              -78.8128347,
              44.6000786
            ],
            [
              -78.8127398,
              44.6001859
            ],
            [
              -78.8125732,
              44.6005159
            ],
            [
              -78.8125717,
              44.6005408
            ],
            [
              -78.8126126,
              44.6006398
            ],
            [
              -78.812648,
              44.600649
            ],
            [
              -78.8126888,
              44.6006448
            ],
            [
              -78.8127174,
              44.6006243
            ],
            [
              -78.8127248,
              44.6005818
            ],
            [
              -78.8127838,
              44.6005355
            ],
            [
              -78.813062,
              44.6005426
            ],
            [
              -78.813343,
              44.600631
            ],
            [
              -78.8135174,
              44.6007876
            ],
            [
              -78.8135811,
              44.6009832
            ],
            [
              -78.8134668,
              44.6015492
            ],
            [
              -78.8134097,
              44.6016465
            ],
            [
              -78.8128844,
              44.6021755
            ],
            [
              -78.8128227,
              44.6022175
            ],
            [
              -78.8125169,
              44.6023058
            ],
            [
              -78.8125062,
              44.6023397
            ],
            [
              -78.8125393,
              44.6023667
            ]
          ]
        ]
      },
      "properties": {
        "id": 56677314,
        "attribution": "Natural Resources Canada",
        "canvec:CODE": "1480272",
        "canvec:UUID": "5f903bb619bf4f9d921258039cd4c883",
        "name": "Hogg Island",
        "natural": "wood",
        "place": "islet",
        "source": "CanVec_Import_2009",
        "wikidata": "Q22631538"
      }
    },
    {
      "type": "Feature",
      "geometry": {
        "type": "Polygon",
        "coordinates": [
          [
            [
              -78.820179,
              44.5964128
            ],
            [
              -78.8200957,
              44.5964239
            ],
            [
              -78.8200372,
              44.5964602
            ],
            [
              -78.819924,
              44.5966878
            ],
            [
              -78.8199207,
              44.5967445
            ],
            [
              -78.8199634,
              44.5967432
            ],
            [
              -78.8201466,
              44.5965664
            ],
            [
              -78.8201991,
              44.5964757
            ],
            [
              -78.820179,
              44.5964128
            ]
          ]
        ]
      },
      "properties": {
        "id": 56678118,
        "canvec:CODE": "1490032",
        "coastal": "no",
        "name": "Hogg Rock",
        "natural": "wood",
        "place": "island",
        "source": "NRCan-CanVec-7.0",
        "wikidata": "Q22631574",
        "wikipedia": "en:Hogg Rock"
      }
    },
    {
      "type": "Feature",
      "geometry": {
        "type": "Polygon",
        "coordinates": [
          [
            [
              -78.8078127,
              44.6093213
            ],
            [
              -78.807138,
              44.6095608
            ],
            [
              -78.8063855,
              44.6100138
            ],
            [
              -78.8053064,
              44.6109079
            ],
            [
              -78.8045494,
              44.6116885
            ],
            [
              -78.8047573,
              44.6122745
            ],
            [
              -78.8044742,
              44.6125959
            ],
            [
              -78.8044098,
              44.6133684
            ],
            [
              -78.8041713,
              44.6134974
            ],
            [
              -78.8042765,
              44.6136994
            ],
            [
              -78.8044678,
              44.613735
            ],
            [
              -78.8055165,
              44.6135559
            ],
            [
              -78.8072897,
              44.6125446
            ],
            [
              -78.8077254,
              44.6124705
            ],
            [
              -78.8078501,
              44.6123386
            ],
            [
              -78.8082662,
              44.6112665
            ],
            [
              -78.8090174,
              44.6100104
            ],
            [
              -78.8093368,
              44.6096593
            ],
            [
              -78.8092608,
              44.6095175
            ],
            [
              -78.8087288,
              44.6094004
            ],
            [
              -78.8078127,
              44.6093213
            ]
          ]
        ]
      },
      "properties": {
        "id": 56678456,
        "canvec:CODE": "1240022",
        "canvec:UUID": "fe7938ee71014b7685277bf5275201b1",
        "coastal": "no",
        "name": "Ball Island",
        "natural": "wood",
        "place": "islet",
        "source": "CanVec_Import_2009",
        "wikidata": "Q22506455"
      }
    },
    {
      "type": "Feature",
      "geometry": {
        "type": "Polygon",
        "coordinates": [
          [
            [
              -78.8027337,
              44.61717
            ],
            [
              -78.8027138,
              44.6171409
            ],
            [
              -78.802676,
              44.6171332
            ],
            [
              -78.8026424,
              44.6171429
            ],
            [
              -78.8026164,
              44.6171625
            ],
            [
              -78.8026114,
              44.6171882
            ],
            [
              -78.8025904,
              44.6172025
            ],
            [
              -78.8025481,
              44.6172103
            ],
            [
              -78.8025207,
              44.6172339
            ],
            [
              -78.8024897,
              44.6172455
            ],
            [
              -78.8024561,
              44.6172503
            ],
            [
              -78.8024225,
              44.6172461
            ],
            [
              -78.8024133,
              44.6172493
            ],
            [
              -78.8024015,
              44.6172629
            ],
            [
              -78.802378,
              44.617267
            ],
            [
              -78.8023243,
              44.6172587
            ],
            [
              -78.8022521,
              44.6172646
            ],
            [
              -78.8022034,
              44.617279
            ],
            [
              -78.8021883,
              44.6172969
            ],
            [
              -78.8021539,
              44.6173023
            ],
            [
              -78.8021187,
              44.6172862
            ],
            [
              -78.8020985,
              44.617273
            ],
            [
              -78.8020658,
              44.6172666
            ],
            [
              -78.8020356,
              44.6172718
            ],
            [
              -78.8019859,
              44.6173021
            ],
            [
              -78.801981,
              44.617334
            ],
            [
              -78.801997,
              44.6173555
            ],
            [
              -78.8019944,
              44.6173698
            ],
            [
              -78.8019764,
              44.6173767
            ],
            [
              -78.8019558,
              44.617375
            ],
            [
              -78.8019332,
              44.6173871
            ],
            [
              -78.8019038,
              44.6173888
            ],
            [
              -78.8018811,
              44.6173746
            ],
            [
              -78.8017334,
              44.6174343
            ],
            [
              -78.8017032,
              44.6174331
            ],
            [
              -78.8014707,
              44.6175496
            ],
            [
              -78.801208,
              44.6176936
            ],
            [
              -78.801208,
              44.6177127
            ],
            [
              -78.8011929,
              44.6177247
            ],
            [
              -78.8011081,
              44.6177552
            ],
            [
              -78.8010921,
              44.6177761
            ],
            [
              -78.8011123,
              44.6177964
            ],
            [
              -78.8011215,
              44.6178179
            ],
            [
              -78.8011148,
              44.6178281
            ],
            [
              -78.8011014,
              44.6178352
            ],
            [
              -78.8010636,
              44.617837
            ],
            [
              -78.8009541,
              44.6179262
            ],
            [
              -78.8008454,
              44.61799
            ],
            [
              -78.8008265,
              44.6180128
            ],
            [
              -78.8007744,
              44.6181263
            ],
            [
              -78.8006909,
              44.6182337
            ],
            [
              -78.8006217,
              44.618312
            ],
            [
              -78.8005583,
              44.6183401
            ],
            [
              -78.8005281,
              44.6183723
            ],
            [
              -78.8005264,
              44.6184237
            ],
            [
              -78.8005551,
              44.6184499
            ],
            [
              -78.8006087,
              44.618462
            ],
            [
              -78.8006939,
              44.6184418
            ],
            [
              -78.8007755,
              44.6184127
            ],
            [
              -78.8009897,
              44.6182266
            ],
            [
              -78.8011102,
              44.6180983
            ],
            [
              -78.8011962,
              44.6180297
            ],
            [
              -78.8012146,
              44.6180223
            ],
            [
              -78.8012138,
              44.61801
            ],
            [
              -78.8011807,
              44.617987
            ],
            [
              -78.8011782,
              44.6179747
            ],
            [
              -78.801187,
              44.6179596
            ],
            [
              -78.8012063,
              44.6179508
            ],
            [
              -78.8012499,
              44.6179446
            ],
            [
              -78.8013507,
              44.617941
            ],
            [
              -78.801417,
              44.6179184
            ],
            [
              -78.8015622,
              44.6178554
            ],
            [
              -78.8017804,
              44.6177821
            ],
            [
              -78.8017938,
              44.6177617
            ],
            [
              -78.8019399,
              44.6177163
            ],
            [
              -78.8019852,
              44.6177354
            ],
            [
              -78.8020289,
              44.6177546
            ],
            [
              -78.8020691,
              44.617751
            ],
            [
              -78.8021195,
              44.6177259
            ],
            [
              -78.8021657,
              44.6176667
            ],
            [
              -78.802216,
              44.6176357
            ],
            [
              -78.8022748,
              44.6176172
            ],
            [
              -78.8023209,
              44.6176255
            ],
            [
              -78.8023554,
              44.6176207
            ],
            [
              -78.8023763,
              44.617601
            ],
            [
              -78.8023738,
              44.617506
            ],
            [
              -78.8023738,
              44.6174947
            ],
            [
              -78.8023873,
              44.6174881
            ],
            [
              -78.8024208,
              44.6174917
            ],
            [
              -78.8024611,
              44.6174767
            ],
            [
              -78.8024829,
              44.6174451
            ],
            [
              -78.8024913,
              44.6174188
            ],
            [
              -78.8025148,
              44.6173944
            ],
            [
              -78.8025497,
              44.6173794
            ],
            [
              -78.8025749,
              44.61738
            ],
            [
              -78.8026005,
              44.6173728
            ],
            [
              -78.802613,
              44.6173582
            ],
            [
              -78.8026114,
              44.617344
            ],
            [
              -78.8026084,
              44.6173262
            ],
            [
              -78.8026244,
              44.6173138
            ],
            [
              -78.802655,
              44.6173065
            ],
            [
              -78.8026982,
              44.6173068
            ],
            [
              -78.8027264,
              44.6172963
            ],
            [
              -78.8027368,
              44.6172805
            ],
            [
              -78.8027272,
              44.6172546
            ],
            [
              -78.8027087,
              44.6172378
            ],
            [
              -78.8027024,
              44.6172269
            ],
            [
              -78.8027075,
              44.6172173
            ],
            [
              -78.8027289,
              44.6171959
            ],
            [
              -78.8027337,
              44.61717
            ]
          ]
        ]
      },
      "properties": {
        "id": 56677766,
        "attribution": "Natural Resources Canada",
        "canvec:CODE": "1240022",
        "canvec:UUID": "741088bd4dde4b6299d55fc7e7b610c0",
        "coastal": "no",
        "name": "Snake Island",
        "natural": "wood",
        "place": "island",
        "source": "CanVec_Import_2009"
      }
    },
    {
      "type": "Feature",
      "geometry": {
        "type": "Polygon",
        "coordinates": [
          [
            [
              -78.8001703,
              44.585196
            ],
            [
              -78.7998378,
              44.585198
            ],
            [
              -78.7993938,
              44.5856809
            ],
            [
              -78.7990579,
              44.5861475
            ],
            [
              -78.7993328,
              44.5861986
            ],
            [
              -78.7998405,
              44.5861015
            ],
            [
              -78.7999531,
              44.5859674
            ],
            [
              -78.8002017,
              44.5855303
            ],
            [
              -78.8001703,
              44.585196
            ]
          ]
        ]
      },
      "properties": {
        "id": 56676800,
        "canvec:CODE": "1240022",
        "canvec:UUID": "ea09911e10d44c14a8bc6489f941fe30",
        "coastal": "no",
        "name": "Cherry Island",
        "natural": "wood",
        "place": "islet",
        "source": "CanVec_Import_2009",
        "wikidata": "Q22489337"
      }
    }
  ]
}